ma_kh,huong_dan_vien_du_lich,thoi_gian
7,Quý ông Hưng Dương,2025-04-13
10,Bà Hương Nguyễn,2025-02-28
12,Cô Mai Lê,2024-02-04
13,Quang Trần,2025-01-18
22,Bảo Lê,2024-06-23
23,Thành Hoàng,2024-12-30
25,Bà Hà Lê,2024-12-04
34,Xuân Hoàng,2024-12-26
36,Thành Mai,2023-02-17
37,Quý cô Lâm Dương,2024-11-13
43,Thành Mai Mai,2021-08-13
45,Quang Hoàng,2024-06-14
51,Mai Lê,2025-02-08
52,Quý cô Hương Mai,2022-11-08
54,Bác Thành Vũ,2024-03-09
56,Nam Đặng,2024-06-22
61,Dương Vũ,2022-04-15
64,An Nguyễn,2024-04-12
69,Linh Nguyễn,2024-10-31
70,Anh Phạm,2025-01-20
72,Mai Lê,2025-04-15
75,Cô Yến Mai,2022-11-30
82,Bà Hồng Phạm,2024-12-28
83,Quang Trần,2024-08-14
86,Kim Vũ,2025-04-03
93,Dương Phạm,2023-07-15
98,Cô Chi Lê,2025-04-28
100,Minh Đặng,2025-02-11
104,Quý ông Quang Lê,2022-07-03
105,Bác Thành Vũ,2022-09-20
114,Cô Vân Vũ,2025-04-19
116,Quang Đặng,2024-10-15
125,Khoa Đặng,2021-09-16
126,Hải Bùi,2025-04-17
127,Hải Nguyễn,2024-11-30
130,Cô Bảo Vũ,2024-03-10
133,Bảo Trần,2023-08-21
134,Cô Hồng Bùi,2022-08-15
135,Quang Vũ,2023-03-22
146,Nam Hải Đặng,2025-03-10
148,Ngọc Phạm,2023-03-19
154,Bà Khoa Trần,2023-04-10
155,Cô Dương Hoàng,2021-08-24
160,Linh Bùi,2021-10-01
163,Chị Thành Mai,2023-06-26
164,Ông Hưng Lê,2025-04-26
169,Thành Vũ,2025-04-28
174,Nhiên Trần,2024-12-15
175,Châu Tấn Mai,2024-11-17
177,Châu Thế Vũ,2023-07-19
178,Nhật Trí Hoàng,2024-06-05
179,Lâm Vũ,2023-05-26
180,An Nguyễn,2023-10-20
183,Quý cô Chi Nguyễn,2024-02-03
198,Quý ông Phúc Vũ,2024-08-04
200,Anh Khoa Trần,2024-06-02
206,Ánh Phạm,2023-06-14
207,Quý ông Minh Phạm,2025-02-10
208,Thành Lê,2024-07-05
213,Quý cô Hà Hoàng,2025-03-05
217,Kim Lê,2021-11-19
219,Bác Nam Lê,2024-12-28
221,Quý cô Bảo Phạm,2024-11-14
224,Vũ Hoàng,2023-09-20
225,Cô Xuân Bùi,2022-04-06
229,Khoa Hải Trần,2022-02-05
232,Lâm Hoàng,2024-03-09
241,Anh Quang Bùi,2022-08-25
244,Tú Mai Dương,2022-08-30
245,Hương Vũ,2024-07-05
248,Anh Nam Hoàng,2023-08-16
254,Khoa Mai,2023-11-21
257,Tùng Hải Hoàng,2024-03-07
260,Tùng Đặng,2025-01-18
261,Bà Yến Phạm,2025-03-09
264,Nhật Đặng,2023-10-06
267,Ông Hoàng Nguyễn,2024-10-20
274,Chị Hải Dương,2024-12-27
275,Anh Dũng Bùi,2024-09-10
277,Cô Vân Phạm,2024-05-17
278,Khoa Hữu Mai,2025-02-11
288,Phúc Quang Phạm,2024-12-30
291,Hưng Trí Mai,2024-05-22
294,Linh Bùi,2024-12-22
295,Hạnh Phạm,2025-03-07
298,Bà Nhật Phạm,2024-12-14
300,Khoa Đặng,2025-01-14
304,Anh Hoàng,2024-07-04
305,Mai Lê,2023-02-09
306,Hải Đức Lê,2024-04-10
307,Quý cô Mai Hoàng,2022-08-20
308,Quý cô Dương Hoàng,2022-05-08
310,Cô Khoa Dương,2024-05-21
311,Dương Nguyễn,2024-02-19
313,Kim Quang Lê,2024-05-21
315,An Hải Hoàng,2024-01-06
320,Chị Dương Mai,2024-07-15
322,Bà Thành Đặng,2023-11-26
324,Quý cô Duyên Đặng,2024-10-09
332,Ông Trọng Lê,2023-03-30
334,Anh Trí Phạm,2024-11-03
342,Quý cô Mai Vũ,2022-08-21
348,Phương Tấn Phạm,2025-03-29
349,Tú Bảo Vũ,2024-01-26
352,Xuân Hoàng,2023-06-09
359,Quý cô Phương Hoàng,2024-02-11
360,Phúc Xuân Đặng,2024-09-24
364,Quý cô Xuân Phạm,2023-12-16
375,Chị Vi Nguyễn,2025-04-26
376,Thành Đặng,2024-02-23
377,Chi Dương,2024-09-26
381,Hạnh Trí Trần,2024-10-31
382,Bà Thành Hoàng,2021-11-09
383,Anh Nhiên Nguyễn,2024-11-15
390,Chị Kim Đặng,2025-03-27
393,Quý cô Thảo Bùi,2022-09-26
395,Lâm Hoàng,2025-01-28
397,Hạnh Nguyễn,2022-03-28
398,Linh Nguyễn,2021-08-15
400,Hưng Hoàng,2024-07-27
404,Quý ông Thành Dương,2024-01-23
406,Tú Trí Hoàng,2025-01-16
409,Quang Đức Mai,2024-05-28
410,Kim Mai Bảo Nguyễn,2025-04-18
411,Bà Thảo Trần,2025-04-14
412,Kim Dương,2024-03-13
415,Hồng Bùi,2021-11-02
417,Châu Trí Dương,2024-07-24
419,Quý cô Nhật Lê,2023-03-18
421,Cô Hạnh Dương,2022-12-13
423,Tú Trần,2025-04-27
427,Minh Hoàng,2022-12-21
429,Tú Mai,2024-08-31
432,Bà Chi Vũ,2025-01-22
435,Quý cô Lâm Bùi,2024-12-25
437,Phúc Tấn Bùi,2022-07-18
439,Hạnh Nguyễn,2025-01-14
440,Bảo Mai,2023-06-09
444,Quý cô Hồng Phạm,2024-03-04
450,Quý cô Nhật Lê,2024-08-08
451,Cô Hà Lê,2025-03-26
458,An Nguyễn,2023-04-17
460,Bác Hoàng Phạm,2024-07-05
463,Nam Hoàng,2024-10-24
464,Khoa Đặng,2024-07-03
465,Hạnh Thế Bùi,2022-06-12
474,Cô Bảo Đặng,2024-08-02
476,Anh Trung Lê,2024-02-02
478,Tùng Vũ,2024-12-11
486,Ông Nam Dương,2023-01-20
492,Chị Phương Lê,2023-03-14
500,Cô Bảo Trần,2023-03-26
504,Thành Phạm,2022-02-06
506,Phương Hải Lê,2022-05-25
510,Chi Nguyễn,2025-04-02
513,Hoàng Nguyễn,2023-09-10
519,Cô Hà Dương,2024-07-17
523,Lâm Đặng,2022-05-21
525,Bà Hà Hoàng,2023-09-06
527,Hạnh Lê,2024-07-30
530,Bà Khoa Trần,2024-04-24
531,Bảo Mai Bảo Hoàng,2025-02-21
535,An Thị Đặng,2024-06-03
536,Ông Trọng Trần,2025-04-06
540,Kim Hải Mai,2024-06-09
542,Khoa Đặng,2021-10-23
543,Cô Ngọc Trần,2025-03-28
550,Hạnh Hải Lê,2023-11-24
555,Lan Lê,2022-10-23
563,Ông Tùng Mai,2023-01-03
564,Cô Thảo Hoàng,2022-06-29
567,Quang Mai Lê,2022-09-06
568,Kim Bùi,2024-11-14
571,Vi Vũ,2024-01-29
577,Quý cô Linh Lê,2025-03-15
580,Chị Ánh Hoàng,2025-04-17
581,Ông Khoa Lê,2024-06-12
586,Dũng Bùi,2024-03-15
588,Quý ông Quang Nguyễn,2025-02-16
590,Bà Mai Phạm,2023-09-20
594,Quý ông Dũng Trần,2022-11-21
600,Quý cô Hà Mai,2021-07-23
601,Xuân Mai,2024-03-30
603,Hà Thế Hoàng,2023-09-22
605,Bà Yến Vũ,2023-09-20
606,Tùng Lê,2024-11-30
611,Nhật Thế Vũ,2025-03-28
617,Lâm Thị Lê,2024-10-13
623,Quý ông Dũng Nguyễn,2023-03-23
624,Hưng Phạm,2023-04-19
627,Cô Phương Vũ,2025-01-14
629,Bảo Mai,2022-06-24
631,Tú Nguyễn,2025-04-21
633,Minh Phú Lê,2025-04-19
643,Bác Nam Mai,2025-02-28
644,Lan Phạm,2024-10-01
645,Chị Lâm Trần,2024-03-03
647,Tú Hải Hoàng,2022-10-08
649,Cô Thảo Nguyễn,2023-08-05
653,Bác Nam Mai,2023-04-22
654,Phúc Xuân Trần,2023-06-02
658,Phúc Quang Phạm,2023-12-04
664,Thành Phạm,2024-09-22
668,Nhật Nguyễn,2022-10-26
671,An Thế Nguyễn,2023-06-25
672,Yến Nguyễn,2024-04-25
679,Bà Kim Mai,2022-11-09
683,Trọng Đặng,2023-07-30
684,Phương Hoàng Bùi,2023-12-28
690,Quý ông Hưng Hoàng,2024-12-31
697,Quý cô Ánh Dương,2023-09-15
701,Vũ Hoàng,2025-01-25
710,Hoàng Đức Hoàng,2024-11-25
713,Anh Bảo Phạm,2024-12-14
714,Khoa Dương,2024-06-22
719,Quý ông Quang Hoàng,2024-05-14
722,Vi Trần,2024-02-25
724,Hải Xuân Vũ,2023-01-10
725,Thành Nguyễn,2024-03-15
730,Quý cô Vi Lê,2022-08-23
732,Duyên Bùi,2025-01-18
734,Trọng Hoàng Vũ,2024-10-01
741,Hồng Hoàng,2024-12-25
742,Trung Đức Dương,2024-10-25
744,Bà Linh Mai,2023-06-19
753,Chi Hoàng,2023-08-07
756,Quang Phạm,2023-04-17
761,Bảo Bùi,2024-02-10
764,Kim Mai,2023-01-22
768,Quý ông Bảo Vũ,2024-10-03
773,Minh Mai,2023-11-03
774,Thành Hữu Hoàng,2022-11-09
781,Huy Hữu Lê,2023-10-13
793,Nam Hoàng,2023-04-19
795,Yến Lê,2025-03-31
804,Bác Minh Lê,2022-11-27
805,Hạnh Thị Đặng,2025-03-29
810,Chị An Bùi,2025-02-28
816,Phương Mai,2024-06-22
818,Bảo Vũ,2024-07-04
831,Minh Mai,2023-12-04
833,Quý ông Quang Trần,2023-07-21
835,Quý cô Thảo Trần,2025-01-08
837,Thảo Hoàng,2024-12-27
840,Anh Huy Hoàng,2022-05-16
842,Mai Dương,2025-03-15
846,Huy Phạm,2023-06-07
852,Châu Mai Bảo Trần,2020-10-27
854,Hạnh Nguyễn,2022-10-31
859,Nhật Nguyễn,2025-04-24
864,Chi Lê,2025-02-05
868,Thành Phạm,2022-12-13
870,Phúc Trần,2024-08-16
878,Anh Bùi,2025-03-03
880,Thành Trần,2023-11-12
886,Phương Hoàng,2025-02-08
888,Tùng Hải Phạm,2023-04-15
889,Cô Dương Lê,2023-01-22
890,Cô Ngọc Lê,2021-12-14
891,Quý cô Lâm Vũ,2024-10-01
893,Cô Ngọc Nguyễn,2021-12-10
898,Trọng Quang Mai,2024-11-13
900,Bà Thành Trần,2024-12-20
901,Chị Bảo Vũ,2024-06-30
905,Cô Kim Phạm,2025-01-06
906,Anh Minh Mai,2025-01-21
910,Ánh Trần,2024-12-31
914,Cô Lan Đặng,2023-03-20
916,Ông Bảo Đặng,2023-12-22
926,Bảo Xuân Đặng,2024-03-17
927,Lâm Thế Phạm,2025-04-18
932,Châu Phú Nguyễn,2023-08-28
936,Phương Hữu Dương,2024-02-16
942,Chị Mai Dương,2024-04-13
945,Nam Thị Mai,2022-01-18
949,Cô Phương Đặng,2022-12-16
953,Bác Anh Vũ,2025-04-28
954,Vũ Lê,2025-04-19
962,Hải Nguyễn,2024-11-30
971,Phúc Đặng,2022-06-13
975,Chi Trần,2023-08-23
979,Anh Dũng Nguyễn,2025-02-12
986,Bác Nhiên Hoàng,2022-05-25
989,Bà Duyên Dương,2023-10-28
990,Bà Lâm Trần,2025-04-21
991,Bảo Đặng,2022-11-27
993,Quý cô Yến Bùi,2022-09-08
994,Vân Lê,2025-04-24
999,Cô Thành Bùi,2022-09-26
1002,Anh Lê,2024-07-28
1003,Quý ông Trọng Nguyễn,2023-12-23
1007,An Bùi,2024-02-21
1014,Quý cô Hạnh Nguyễn,2024-12-08
1018,Bác Huy Trần,2022-10-05
1021,Bảo Phạm,2024-01-27
1025,Bà Hải Lê,2023-10-25
1034,Bảo Vũ,2022-09-18
1035,Bảo Lê,2025-01-24
1038,An Nguyễn,2025-01-13
1050,Lâm Đức Đặng,2021-10-22
1052,Vũ Lê,2025-02-09
1053,An Văn Mai,2022-05-20
1054,Cô Khoa Nguyễn,2023-02-23
1056,Trung Vũ,2024-06-13
1058,Trọng Lê,2024-12-25
1062,Hương Mai,2024-11-29
1068,Chi Mai,2023-04-27
1076,Hoàng Hữu Hoàng,2024-04-19
1078,Chị Bảo Phạm,2023-11-16
1079,Bà Hải Lê,2024-10-16
1085,Cô Lâm Phạm,2022-11-16
1086,Ông Nam Nguyễn,2025-03-17
1090,Cô Thành Mai,2020-07-29
1093,Quang Nguyễn,2024-12-31
1095,Chị Dương Trần,2025-03-15
1096,Ông Vũ Vũ,2024-09-24
1102,Nhiên Đặng,2021-07-07
1104,Anh Minh Đặng,2024-04-30
1111,Chị Hồng Bùi,2024-06-11
1114,Anh Khoa Bùi,2022-05-30
1115,Phương Bảo Lê,2024-11-15
1118,Quý cô Duyên Mai,2022-02-09
1119,Bảo Dương,2023-06-17
1121,Bà Lan Nguyễn,2022-03-11
1123,Hoàng Xuân Mai,2024-12-01
1130,Hạnh Trần,2021-11-29
1133,Cô Hương Dương,2023-10-30
1139,Cô Duyên Bùi,2024-07-11
1143,Bảo Vũ,2022-06-03
1144,Quý cô Lâm Phạm,2023-03-01
1145,Quý cô Linh Lê,2024-12-21
1146,Hà Trần,2024-03-24
1156,Lâm Mai Bảo Phạm,2024-09-19
1160,Thành Tấn Bùi,2025-02-17
1163,Yến Nguyễn,2024-10-17
1173,Bác Minh Bùi,2024-06-14
1176,Quý ông Trung Bùi,2025-01-14
1177,Hưng Quang Mai,2022-10-17
1181,Bà Hạnh Nguyễn,2023-01-27
1191,Hưng Bảo Nguyễn,2024-01-13
1197,Ngọc Hoàng,2023-05-17
1199,Thành Hoàng,2025-04-08
1203,Quý ông Hoàng Lê,2025-03-20
1205,Quang Dương,2022-09-18
1217,Nhật Tấn Phạm,2025-04-26
1218,Khoa Trần,2025-01-21
1220,Hải Quang Hoàng,2021-12-24
1229,Anh Tú Mai,2024-07-30
1230,Vi Vũ,2025-03-20
1231,Lâm Nguyễn,2025-01-29
1232,Bác Quang Phạm,2023-11-01
1234,Chị Nhật Vũ,2024-07-03
1235,Cô Nhật Phạm,2024-11-18
1238,Quý ông Hoàng Đặng,2024-12-03
1244,Cô Lan Lê,2024-04-29
1245,Lâm Bảo Đặng,2023-07-15
1246,Bảo Hải Dương,2024-12-11
1251,Duyên Lê,2025-01-03
1252,Cô Thảo Vũ,2024-12-25
1256,Bà Dương Nguyễn,2025-03-13
1258,Châu Trần,2022-10-28
1261,Hà Trí Phạm,2024-08-27
1264,Bảo Hoàng,2023-05-08
1271,Nhật Tấn Lê,2023-04-07
1274,Khoa Trí Vũ,2025-02-19
1280,Hải Lê,2025-03-29
1284,Quang Lê,2025-01-09
1285,Nam Đức Trần,2024-08-27
1293,Quý cô Hồng Phạm,2024-10-20
1298,Quang Bảo Bùi,2024-11-12
1299,Quý cô Thành Hoàng,2024-01-09
1300,Cô Mai Hoàng,2022-05-13
1301,Nhật Đặng,2025-01-20
1302,Châu Thị Trần,2022-05-14
1304,Tùng Hải Trần,2025-04-20
1309,Thành Trần,2025-02-24
1313,Dũng Trí Lê,2024-10-11
1317,Chị Hạnh Đặng,2024-05-28
1321,Châu Phú Vũ,2022-05-31
1322,Hồng Đặng,2025-03-20
1325,Anh Văn Phạm,2025-04-06
1326,Bác Tùng Nguyễn,2025-03-18
1330,Tùng Hoàng Trần,2020-11-26
1332,Quý ông Châu Trần,2022-11-01
1333,Cô An Dương,2025-01-23
1337,Mai Lê,2023-08-09
1338,Chị Xuân Hoàng,2022-09-30
1339,Phương Hoàng Mai,2022-06-25
1340,Nhật Vũ,2023-06-02
1341,Anh Hưng Hoàng,2022-07-21
1342,Hoàng Mai Bảo Bùi,2022-04-17
1343,Hạnh Mai Bùi,2024-04-29
1345,Quang Nguyễn,2024-11-10
1347,Bác Nam Bùi,2024-01-30
1349,Nam Hữu Nguyễn,2021-04-04
1350,Bà Chi Đặng,2023-04-25
1352,Hương Đặng,2025-03-27
1353,Bảo Đặng,2023-08-24
1357,Bác Nam Vũ,2025-01-20
1360,Chị Thành Dương,2024-07-14
1361,Thành Lê,2023-11-24
1363,Kim Hải Đặng,2023-06-19
1364,Tú Xuân Phạm,2024-11-24
1368,Lan Mai,2024-04-22
1369,Nhật Hải Trần,2025-03-30
1379,Mai Đặng,2023-10-11
1380,Quý cô An Trần,2022-02-07
1381,Cô An Đặng,2023-04-20
1383,Nam Hoàng,2025-02-24
1384,Mai Nguyễn,2023-12-17
1389,Cô Mai Mai,2023-02-23
1393,Thành Đặng,2022-05-08
1398,Quý cô Thành Trần,2025-04-20
1407,Châu Nguyễn,2024-01-01
1408,Nam Văn Lê,2025-04-11
1411,Hạnh Hải Mai,2023-08-28
1412,Hà Quang Bùi,2025-03-22
1413,Hồng Vũ,2024-11-04
1414,Cô Hương Hoàng,2022-10-28
1424,Huy Mai Hoàng,2023-08-16
1427,Thành Đức Nguyễn,2024-12-10
1437,Phương Bảo Trần,2024-02-28
1443,Cô Bảo Vũ,2025-01-24
1444,Bà Hạnh Đặng,2025-03-29
1451,Yến Phạm,2022-08-17
1454,Mai Hoàng,2023-01-23
1459,Xuân Dương,2024-12-04
1463,Tùng Hải Nguyễn,2024-11-09
1469,Dũng Mai,2025-01-26
1478,Ông Nhiên Trần,2024-10-17
1485,Kim Quang Nguyễn,2024-01-30
1487,Nhật Tấn Bùi,2022-12-01
1488,Cô Hà Vũ,2024-02-15
1491,Xuân Dương,2025-03-13
1493,Ngọc Dương,2024-03-10
1494,Cô Khoa Mai,2024-06-29
1495,Quý ông Nhiên Hoàng,2023-12-14
1498,Thành Đức Mai,2025-03-30
1499,Chi Trần,2025-02-02
1502,Hương Hoàng,2022-10-22
1504,Vũ Đức Dương,2025-03-13
1506,Châu Mai Bảo Bùi,2024-12-02
1510,Phúc Nguyễn,2020-06-16
1520,Ông Minh Trần,2021-10-19
1527,Nhật Thị Nguyễn,2025-03-22
1529,Hồng Nguyễn,2021-11-19
1531,Yến Hoàng,2024-01-17
1532,Chị Dương Lê,2024-12-10
1533,Linh Nguyễn,2024-07-13
1534,Anh Quang Phạm,2024-12-13
1535,Hà Lê,2025-03-04
1537,Anh Thị Mai,2024-08-23
1540,Bác Châu Bùi,2023-04-29
1542,Trung Hoàng,2025-04-23
1543,Lâm Vũ,2023-08-07
1548,Bà Hồng Bùi,2024-10-04
1553,Chi Phạm,2023-12-05
1556,Anh Nam Dương,2020-10-12
1558,Bác Phúc Lê,2024-06-28
1560,Hồng Lê,2022-05-21
1561,Nhật Quang Bùi,2024-10-07
1566,Khoa Hoàng Hoàng,2024-03-29
1577,Quý cô Hương Phạm,2021-12-02
1579,Cô An Dương,2025-04-04
1581,Lâm Mai Trần,2024-10-02
1582,Chị Chi Lê,2022-08-04
1591,Thảo Bùi,2025-04-06
1599,Nhiên Nguyễn,2023-04-11
1604,Hải Hoàng,2023-03-21
1605,Cô Hạnh Phạm,2024-02-07
1607,Bác Hoàng Phạm,2025-03-11
1616,Bảo Trần,2024-09-22
1618,Quang Mai,2022-05-27
1626,Hải Bùi,2025-04-28
1628,Quý cô Nhật Lê,2025-04-28
1632,Duyên Bùi,2024-02-12
1634,Vân Mai,2024-09-03
1638,Hồng Phạm,2024-09-22
1640,Nhật Phạm,2024-11-16
1643,Bà Yến Phạm,2024-06-04
1645,Nhật Phạm,2023-05-29
1646,Khoa Văn Nguyễn,2024-10-31
1647,Bà Xuân Nguyễn,2023-04-01
1650,Quý ông Bảo Nguyễn,2025-04-19
1653,Vũ Thế Trần,2025-02-23
1659,Anh Minh Lê,2022-04-19
1663,Anh Bảo Mai,2025-04-26
1667,Trọng Xuân Lê,2023-06-10
1670,Chị Mai Bùi,2022-11-11
1673,Ánh Mai,2022-04-30
1674,Hà Mai,2021-06-09
1675,Chị Hà Lê,2023-04-22
1676,Vũ Phạm,2024-11-16
1677,Ánh Phạm,2025-03-29
1681,Lâm Trần,2024-07-07
1684,Nhật Thị Mai,2022-03-25
1687,Cô Dương Nguyễn,2022-01-07
1691,Trung Vũ,2024-12-08
1707,Hải Thị Đặng,2024-08-17
1709,Nam Mai,2024-07-28
1711,Thành Thị Vũ,2024-03-16
1713,Trọng Dương,2024-03-21
1718,Cô Nhật Lê,2025-03-07
1721,Minh Trần,2024-11-02
1722,Bác Tùng Phạm,2020-10-27
1725,Bác Minh Dương,2024-10-20
1736,Quý cô Linh Mai,2024-10-18
1742,Anh Phạm,2024-06-05
1743,Vũ Phạm,2021-11-03
1745,Cô Mai Phạm,2025-03-08
1754,Chi Vũ,2025-03-14
1757,Bà Hải Mai,2024-08-08
1760,Bảo Đức Dương,2023-08-24
1768,Cô Bảo Phạm,2024-06-13
1772,Vân Phạm,2024-09-06
1777,Quang Phú Bùi,2024-02-24
1779,Ông Huy Hoàng,2023-06-02
1782,Hạnh Phạm,2024-07-11
1784,Hà Nguyễn,2024-04-30
1790,Anh Thành Hoàng,2024-06-08
1792,Khoa Hữu Đặng,2023-12-10
1795,Linh Dương,2022-08-21
1800,Cô Kim Bùi,2023-07-13
1806,Nam Vũ,2024-08-05
1807,Phúc Trần,2025-02-05
1809,Kim Trần,2022-07-17
1810,Quý cô Vân Mai,2023-11-25
1817,Ngọc Phạm,2025-02-16
1818,Bà Ngọc Hoàng,2023-02-11
1819,Anh Anh Dương,2025-02-08
1822,Bác Châu Trần,2024-10-18
1825,Quý cô Hà Phạm,2023-01-11
1827,Anh Quang Dương,2023-12-20
1834,Minh Nguyễn,2024-10-04
1835,Ông Bảo Nguyễn,2025-01-10
1842,Bảo Quang Trần,2025-03-02
1843,Quý cô Mai Trần,2024-12-05
1859,Bà Vân Lê,2023-06-24
1864,Yến Phạm,2021-09-18
1866,Nhật Thế Vũ,2025-01-03
1867,Khoa Vũ,2023-08-09
1880,Ánh Vũ,2022-05-06
1881,Dũng Dương,2023-03-16
1888,Minh Bùi,2024-12-13
1893,Bác Tú Hoàng,2024-07-15
1895,Cô Dương Phạm,2023-02-17
1909,Cô Vân Lê,2023-09-12
1911,Trung Mai,2024-12-04
1918,Quý cô Yến Vũ,2024-10-08
1924,Quý cô Yến Hoàng,2023-07-23
1928,Hồng Nguyễn,2023-02-01
1929,Kim Đức Hoàng,2023-03-12
1933,Nhiên Nguyễn,2024-12-26
1936,Trọng Vũ,2022-11-08
1937,Hưng Lê,2023-06-26
1941,Nhật Phạm,2023-05-18
1946,Thành Vũ,2023-12-07
1947,Ngọc Vũ,2024-05-18
1951,Khoa Thế Trần,2022-12-31
1959,Bà Nhật Vũ,2024-11-24
1962,Anh Hữu Mai,2022-08-22
1968,Phương Dương,2025-02-23
1969,Quý cô Hải Phạm,2022-09-22
1970,Quý ông Hoàng Dương,2022-09-28
1974,Bảo Nguyễn,2022-02-01
1977,Nhật Hoàng Bùi,2023-11-27
1979,Phúc Dương,2023-08-23
1980,Khoa Thị Trần,2022-10-01
1986,Nhật Đức Lê,2022-11-24
1988,Thành Phú Đặng,2022-08-21
1992,An Thế Nguyễn,2024-04-26
1997,An Văn Phạm,2024-12-29
1998,Cô Nhật Mai,2025-03-15
2000,Khoa Bùi,2023-03-31
2002,Thành Lê,2021-10-31
2004,Khoa Trí Đặng,2023-04-13
2006,Bà An Lê,2024-01-29
2007,Hương Hoàng,2024-09-28
2008,Bà Bảo Dương,2024-01-20
2013,Quý cô Kim Bùi,2024-02-03
2020,Nhiên Thế Mai,2024-07-14
2022,Chi Dương,2023-11-24
2023,Cô Nhật Dương,2023-07-08
2025,Trọng Xuân Đặng,2023-04-16
2032,Thành Trí Đặng,2024-07-06
2037,Huy Hoàng Bùi,2024-04-24
2041,Phúc Mai Bảo Nguyễn,2025-03-07
2044,Cô Nhật Bùi,2024-08-21
2045,Nhật Tấn Mai,2024-12-23
2047,Cô An Lê,2024-01-26
2056,Hà Đặng,2023-08-01
2058,Chị Vân Mai,2022-04-25
2059,Duyên Dương,2024-09-11
2060,Vũ Đức Trần,2023-12-10
2068,Anh Nam Dương,2023-03-04
2070,Quý cô Xuân Trần,2024-12-05
2071,Bác Dũng Lê,2025-03-29
2080,Chị Mai Trần,2024-01-10
2081,Nhật Vũ,2024-05-30
2084,Lâm Hoàng,2023-12-27
2085,Thành Đức Hoàng,2022-09-29
2087,Minh Đặng,2024-08-19
2088,Cô Hương Mai,2022-04-22
2102,Bác Minh Vũ,2025-03-01
2103,An Hữu Mai,2024-07-03
2104,Vân Phạm,2022-07-24
2106,Hải Dương,2024-03-07
2111,Phương Tấn Vũ,2024-11-16
2114,An Vũ,2021-10-07
2118,Nhật Vũ,2024-06-07
2120,Chị Yến Trần,2022-11-15
2122,Bác Vũ Đặng,2022-07-01
2124,Quý cô Hà Trần,2024-07-09
2125,Quý ông Tùng Bùi,2021-06-06
2129,Bà Hà Mai,2024-12-16
2134,Bà Hương Đặng,2024-01-31
2137,Duyên Bùi,2023-10-08
2138,Nhật Văn Trần,2021-07-30
2141,Châu Bùi,2024-07-12
2143,Kim Thế Nguyễn,2022-10-20
2145,Linh Vũ,2025-02-16
2155,Quý ông Nam Mai,2025-01-17
2158,Lâm Đặng,2024-03-09
2159,Chị Khoa Hoàng,2025-01-06
2161,Nhiên Đức Vũ,2025-04-28
2162,An Tấn Nguyễn,2021-04-05
2164,Quang Trí Mai,2023-09-22
2165,Cô Linh Hoàng,2024-04-04
2168,Hưng Lê,2024-06-26
2169,Lâm Lê,2025-02-20
2170,Nhật Dương,2023-10-15
2171,Quang Mai,2025-03-08
2172,Thành Mai,2024-12-15
2182,Dũng Mai Bảo Mai,2024-05-18
2195,Cô Hải Bùi,2024-02-27
2198,Chị Dương Nguyễn,2024-01-10
2199,Ánh Bùi,2024-12-07
2202,Bảo Đặng,2025-04-27
2206,Anh Châu Phạm,2024-03-11
2207,Trung Hải Phạm,2024-04-23
2208,Xuân Đặng,2023-06-25
2213,Minh Hoàng Nguyễn,2025-04-16
2216,Linh Bùi,2023-12-15
2223,Nhật Đức Trần,2023-07-29
2231,Anh Vũ Nguyễn,2024-09-28
2232,Hải Đức Mai,2024-07-03
2236,Ánh Lê,2022-11-03
2238,Nhật Quang Lê,2024-03-11
2240,Quý cô Hải Phạm,2024-05-15
2241,Bảo Thế Dương,2021-02-04
2243,Hạnh Mai Bảo Lê,2024-05-12
2245,Quý ông Bảo Vũ,2024-02-16
2248,Cô Lan Lê,2023-06-19
2251,Hà Trần,2025-02-26
2255,Chị Hải Bùi,2025-04-13
2259,Chị Phương Nguyễn,2022-07-13
2261,Kim Mai Lê,2022-08-03
2264,Quang Hoàng Trần,2024-02-28
2268,Thảo Nguyễn,2024-06-05
2273,Bác Nhiên Bùi,2023-01-16
2280,Chị Mai Vũ,2020-12-08
2284,Ánh Phạm,2024-06-17
2287,Chị Lan Trần,2022-08-06
2289,Hoàng Vũ,2021-07-14
2290,Nhật Xuân Phạm,2024-09-27
2291,Anh Nhiên Mai,2024-07-02
2299,Chị Khoa Vũ,2023-11-04
2303,Quý ông Thành Đặng,2025-03-11
2304,Quý cô Hà Phạm,2022-03-25
2307,Huy Mai,2024-05-28
2308,Thành Thế Vũ,2022-01-01
2310,Lâm Hải Hoàng,2024-02-04
2314,Quang Bùi,2025-04-27
2320,Trung Phú Bùi,2023-10-23
2321,Quý cô Dương Mai,2024-02-19
2322,Khoa Trần,2024-02-07
2328,Linh Dương,2024-08-20
2329,Nhật Trí Phạm,2023-06-01
2332,Trọng Trần,2024-10-04
2334,Bảo Lê,2025-03-28
2335,Bà Bảo Nguyễn,2025-03-28
2336,Thành Hoàng,2025-02-27
2341,Hương Trần,2024-06-24
2344,Nhật Hải Dương,2024-04-13
2345,Cô Bảo Vũ,2024-01-15
2348,Thảo Đặng,2023-05-31
2354,Cô An Phạm,2024-02-02
2364,Quý ông Trọng Phạm,2024-04-08
2366,Dương Vũ,2024-05-25
2367,Ông Hoàng Vũ,2024-05-12
2369,Khoa Phú Phạm,2024-05-02
2379,Bảo Mai Nguyễn,2024-01-05
2388,Bà Xuân Mai,2024-12-31
2396,Anh Khoa Mai,2024-07-19
2403,Thảo Bùi,2025-04-22
2405,Ông Thành Mai,2023-10-09
2407,Quý cô Hải Đặng,2023-02-07
2415,Trọng Mai Bảo Dương,2022-07-17
2416,Bà Chi Đặng,2022-03-25
2418,Cô Nhật Mai,2025-02-06
2420,Bảo Phạm,2024-05-08
2421,Ngọc Lê,2024-05-28
2422,Quý cô Linh Bùi,2024-11-16
2426,Anh Thành Hoàng,2024-05-04
2427,Khoa Hoàng Trần,2024-09-04
2435,Chị Dương Mai,2024-01-31
2438,Quý cô Linh Hoàng,2022-11-28
2440,Anh Bảo Lê,2025-01-07
2444,Chị Vân Dương,2025-01-10
2447,Anh Minh Đặng,2021-10-29
2448,Nhật Hải Bùi,2023-09-07
2450,Khoa Hoàng Nguyễn,2025-03-24
2459,Bác Châu Trần,2025-02-16
2464,Cô Yến Mai,2023-05-02
2467,Quý cô Yến Trần,2024-06-17
2469,Huy Đặng,2023-04-15
2473,Nhật Nguyễn,2024-02-09
2475,Hải Dương,2024-08-23
2477,Hà Nguyễn,2022-03-23
2479,Nhiên Đức Hoàng,2025-04-16
2482,Nhật Hoàng,2023-04-04
2483,Nam Phạm,2024-04-14
2484,Chị Lâm Bùi,2023-02-17
2496,Huy Hoàng,2022-05-24
2497,Hạnh Phạm,2025-04-08
2501,Quý cô Lâm Lê,2022-12-31
2503,Chị Thảo Vũ,2025-03-23
2504,Dũng Mai,2024-10-11
2523,Quý cô Mai Mai,2025-04-13
2524,Mai Lê,2024-02-09
2528,Chị Lan Phạm,2023-05-28
2529,Quý cô Ngọc Nguyễn,2022-04-14
2530,Phương Dương,2023-08-15
2533,Quý cô Hạnh Đặng,2022-01-29
2535,Quý ông Bảo Đặng,2024-01-26
2536,Hải Mai Bảo Lê,2022-04-07
2541,Quang Hữu Đặng,2024-06-05
2544,Bác Tú Nguyễn,2024-03-26
2553,Quý cô Thành Mai,2025-02-06
2554,Tú Lê,2025-04-10
2555,Vân Bùi,2024-09-20
2558,Bà Nhật Nguyễn,2024-06-19
2559,Kim Bảo Mai,2025-01-12
2562,Vũ Nguyễn,2023-07-10
2563,Bảo Đức Nguyễn,2024-11-15
2567,Duyên Trần,2024-12-01
2572,Bảo Vũ,2025-03-29
2574,Quý ông Tú Lê,2022-05-24
2575,Mai Vũ,2025-03-03
2577,Hồng Mai,2025-04-15
2589,Vũ Bảo Vũ,2025-02-22
2601,Phương Thị Đặng,2024-06-13
2605,Khoa Dương,2022-01-17
2607,Nhiên Phạm,2024-11-23
2612,Hải Bùi,2025-02-24
2619,Nhật Hoàng Hoàng,2023-10-11
2623,Vũ Đặng,2023-07-20
2624,Nhật Đức Đặng,2023-12-17
2626,Cô Lâm Lê,2024-05-19
2627,Châu Lê,2022-10-09
2632,Hồng Bùi,2024-12-17
2639,Cô Ánh Hoàng,2023-04-27
2641,Hà Vũ,2024-10-20
2646,Quang Hoàng,2022-12-19
2650,Phương Nguyễn,2025-01-08
2652,Quý cô Nhật Vũ,2025-04-28
2657,Trọng Hoàng,2024-06-23
2658,Cô Thảo Bùi,2024-01-02
2660,Quang Hữu Dương,2024-10-20
2662,Chị Phương Trần,2022-11-22
2669,An Phạm,2024-01-07
2670,Quý cô Bảo Lê,2024-02-09
2676,Trọng Vũ,2025-03-26
2677,Tú Mai Đặng,2025-04-09
2680,Linh Nguyễn,2023-11-27
2684,Yến Nguyễn,2024-11-01
2690,Vũ Mai Mai,2022-11-15
2692,Mai Dương,2025-02-23
2694,Trọng Trần,2023-01-19
2695,Phúc Hoàng,2025-03-05
2696,Bà Nhật Đặng,2025-04-19
2697,Vũ Hữu Vũ,2024-10-21
2704,Ông Trung Hoàng,2022-02-04
2708,Quý cô An Vũ,2024-10-05
2711,Lâm Tấn Dương,2024-11-26
2716,Ông Bảo Mai,2025-04-13
2717,Nhật Mai Lê,2024-04-07
2720,Quý cô Thảo Dương,2020-09-23
2727,Nhật Quang Phạm,2025-02-23
2729,Anh Quang Đặng,2024-04-13
2730,Phương Thị Lê,2023-10-25
2733,Lâm Dương,2024-12-29
2735,Ông Tú Đặng,2024-02-14
2736,Quang Nguyễn,2023-08-22
2738,Vi Dương,2024-03-04
2744,Bà Lan Nguyễn,2025-04-16
2749,Chị An Hoàng,2025-01-29
2750,Anh Anh Phạm,2024-10-19
2752,Bác Phúc Phạm,2024-01-24
2753,Nhật Hoàng Bùi,2025-04-28
2754,Bà Nhật Trần,2024-09-12
2763,Nhiên Trần,2025-02-10
2764,Bác Phúc Đặng,2023-12-13
2768,Thảo Dương,2024-10-30
2771,Hưng Đặng,2023-12-12
2775,Bà Vi Lê,2021-03-22
2787,Hải Đức Mai,2022-02-22
2788,Duyên Nguyễn,2025-01-10
2789,Anh Quang Hoàng,2023-11-23
2790,Quý cô Ánh Bùi,2024-09-30
2791,Lâm Phạm,2023-07-15
2795,Thành Vũ,2023-10-05
2800,Chị Khoa Hoàng,2021-06-06
2801,Trọng Phú Nguyễn,2021-10-20
2803,Lâm Nguyễn,2025-02-18
2804,Ngọc Mai,2024-09-19
2809,Hoàng Dương,2024-08-09
2814,Dương Nguyễn,2024-03-31
2815,Quý cô Thảo Đặng,2024-11-18
2819,Bà Ngọc Hoàng,2023-11-29
2821,Anh Tùng Dương,2023-03-18
2824,Bác Tú Phạm,2023-12-17
2829,Hưng Mai Bảo Lê,2025-04-02
2831,Kim Mai,2025-04-10
2833,Quý cô Bảo Hoàng,2024-06-27
2835,Cô Hà Trần,2025-03-14
2841,Bảo Hoàng,2024-09-09
2849,Bà Dương Lê,2025-04-27
2855,Khoa Dương,2025-04-06
2857,Trọng Bùi,2023-03-27
2858,Hải Xuân Hoàng,2025-03-04
2859,Bà Thành Mai,2024-12-20
2861,Chị Hương Mai,2024-11-15
2863,Bà Hà Đặng,2024-07-01
2865,Bà Vân Bùi,2025-02-26
2867,Dương Đặng,2025-01-07
2873,Huy Hữu Vũ,2024-04-30
2879,Cô Hương Hoàng,2024-04-14
2886,Hương Trần,2023-01-01
2888,Hải Phạm,2024-02-02
2895,Thảo Nguyễn,2021-08-12
2897,Cô Duyên Hoàng,2023-03-03
2915,Hoàng Nguyễn,2021-01-25
2918,Anh Trọng Dương,2024-01-04
2920,Vũ Thế Lê,2023-06-17
2923,Linh Đặng,2025-03-31
2924,Thành Thị Lê,2024-01-05
2930,Quý cô Yến Trần,2025-03-03
2932,Yến Hoàng,2023-01-11
2941,Tùng Bùi,2022-07-11
2942,Tú Lê,2024-06-24
2944,Kim Quang Phạm,2021-11-22
2950,Lan Trần,2022-05-07
2952,Bác Trọng Phạm,2023-12-06
2960,Quý ông Châu Hoàng,2024-10-10
2964,Bà Nhật Nguyễn,2024-11-11
2971,Quang Mai Bảo Bùi,2022-07-02
2972,Bảo Đặng,2025-01-15
2973,Bác Quang Phạm,2023-07-13
2977,Hải Hoàng,2023-06-27
2979,Nam Lê,2024-10-26
2980,Phương Hoàng,2021-10-09
2981,Quý cô Lan Hoàng,2025-01-22
2982,Trung Phú Trần,2025-01-26
2988,Quý cô Hải Lê,2024-08-04
2990,Chị Nhật Mai,2024-02-14
2993,Thành Đặng,2023-01-10
2997,Bác Thành Nguyễn,2024-06-20
2998,Anh Trọng Hoàng,2025-04-10
3000,Trọng Nguyễn,2025-01-30
3001,Quý cô Dương Bùi,2024-09-18
3003,Dũng Thị Đặng,2022-02-06
3005,Quang Nguyễn,2022-08-12
3006,Hương Đặng,2022-03-06
3010,Trọng Vũ,2020-10-12
3013,Quý ông Vũ Vũ,2023-12-31
3014,Chị Nhật Nguyễn,2024-04-08
3023,Bác Châu Trần,2021-09-04
3028,Bác Nam Vũ,2023-04-20
3031,Bà Vân Trần,2024-01-03
3033,Anh Huy Bùi,2023-06-14
3034,Bác Anh Trần,2024-12-19
3035,Kim Dương,2024-07-26
3037,Chị Hà Mai,2023-09-15
3038,Quý ông Tú Nguyễn,2023-01-20
3043,Phương Văn Nguyễn,2025-03-04
3046,Duyên Đặng,2024-05-26
3049,Vân Đặng,2021-10-15
3055,Quý cô Linh Vũ,2023-05-20
3059,Anh Tấn Nguyễn,2025-01-16
3060,Nhiên Lê,2024-05-31
3065,Ngọc Trần,2024-05-03
3067,Hà Phạm,2024-06-02
3070,Trung Trí Vũ,2024-08-16
3072,Lâm Dương,2024-01-30
3081,Huy Tấn Trần,2025-04-10
3082,Quý ông Trung Đặng,2024-07-15
3084,Anh Hưng Nguyễn,2025-04-26
3085,Chị Thành Đặng,2024-02-29
3093,Hà Lê,2024-10-09
3094,Quý ông Vũ Mai,2022-08-30
3095,Nhật Phạm,2024-12-13
3097,Quý cô Lâm Dương,2024-04-01
3102,Bác Hưng Lê,2025-02-22
3109,Quang Quang Nguyễn,2023-10-31
3111,Ánh Trần,2024-07-05
3112,Bà Phương Mai,2022-09-19
3117,Hà Hải Trần,2022-05-24
3123,Lâm Hải Vũ,2023-03-18
3128,Bà Dương Trần,2024-05-03
3132,Hạnh Phạm,2025-01-05
3137,Lan Hoàng,2023-11-28
3150,Thành Bùi,2024-09-27
3151,Dũng Hoàng,2024-03-02
3166,Anh Vũ Vũ,2025-04-24
3171,Quang Bùi,2024-07-02
3172,Minh Văn Đặng,2025-04-09
3176,Trung Hoàng Vũ,2023-10-30
3183,Quý ông Trọng Hoàng,2022-09-09
3186,Bà Thành Mai,2024-07-05
3189,Hoàng Mai,2023-09-30
3195,Nhật Trần,2025-01-03
3196,Ánh Nguyễn,2024-11-14
3200,Quý cô Lâm Vũ,2023-01-14
3201,Quý ông Anh Vũ,2021-10-13
3203,Nhật Đức Đặng,2025-03-16
3208,Anh Thành Trần,2025-02-14
3209,Chị Thành Phạm,2021-07-27
3210,Chị Hồng Dương,2024-12-05
3211,Thành Trần,2025-01-17
3213,Thành Trí Đặng,2024-05-22
3221,Quý cô Thảo Dương,2023-05-25
3227,Trọng Nguyễn,2024-12-09
3229,Anh Đức Mai,2024-09-18
3230,Hạnh Vũ,2025-03-24
3231,Chị Vân Phạm,2024-02-28
3232,Thành Mai,2021-08-30
3233,Nhật Mai,2022-07-19
3236,Hồng Lê,2024-09-24
3238,Nhật Bùi,2023-08-10
3242,Nhiên Bảo Mai,2023-09-07
3243,Quý cô Kim Nguyễn,2020-12-02
3245,Hưng Hoàng,2022-02-24
3248,Vân Dương,2023-05-02
3250,Duyên Mai,2023-08-17
3258,Hạnh Trí Trần,2024-06-22
3262,Hưng Đức Bùi,2023-08-22
3264,Dũng Mai,2025-02-18
3265,Quý cô Bảo Mai,2024-01-15
3266,Quý cô Lan Trần,2024-10-10
3267,Bà An Dương,2024-06-06
3278,Chi Dương,2022-01-18
3281,Vũ Hoàng Bùi,2022-11-10
3286,Bà Hải Bùi,2022-03-04
3291,Hưng Dương,2024-04-03
3292,Hạnh Tấn Lê,2024-12-28
3299,Bà Kim Hoàng,2023-12-24
3307,Quý cô Chi Phạm,2023-04-15
3308,Huy Văn Trần,2025-01-04
3309,Ông Hưng Hoàng,2024-03-10
3311,Chị Vân Phạm,2025-01-21
3313,Quý ông Phúc Hoàng,2024-08-23
3315,Mai Hoàng,2023-10-02
3316,Linh Dương,2025-03-26
3317,Phương Phạm,2023-07-12
3320,Yến Hoàng,2022-11-19
3321,Hà Xuân Đặng,2023-10-26
3324,Chị Hà Trần,2024-06-27
3325,Cô Dương Lê,2025-04-07
3329,Cô Hải Lê,2025-02-11
3331,Quý ông Hưng Dương,2023-10-30
3335,Khoa Đặng,2024-10-12
3338,Hải Văn Phạm,2022-07-20
3344,Ông Trung Trần,2024-01-28
3348,Bác Nam Hoàng,2022-09-18
3351,Cô Hà Phạm,2024-10-31
3352,Phúc Mai Vũ,2022-02-07
3353,Cô Phương Bùi,2023-07-21
3355,Quý cô Mai Trần,2023-10-28
3358,Quang Vũ,2022-04-10
3360,Quý cô Ngọc Phạm,2024-02-16
3367,Châu Vũ,2022-08-23
3369,Bà Lan Nguyễn,2023-11-20
3371,Huy Dương,2023-12-17
3372,Thảo Phạm,2024-04-06
3374,Phương Hải Lê,2025-03-29
3375,Quang Hoàng,2025-03-31
3376,Hoàng Đức Phạm,2025-04-16
3378,Bà Lan Trần,2024-12-10
3379,Nhật Thị Trần,2022-01-15
3389,Xuân Dương,2024-02-12
3390,Quý ông Anh Lê,2022-09-10
3391,Bà Hà Mai,2023-11-12
3392,Anh Hưng Vũ,2022-05-13
3393,Lâm Lê,2022-01-05
3395,Bác Bảo Bùi,2024-03-17
3397,Lan Mai,2023-06-24
3400,Xuân Bùi,2024-02-15
3402,Khoa Hoàng,2022-02-09
3404,Bảo Thị Mai,2022-11-20
3406,Quý ông Quang Lê,2024-10-14
3407,Phương Đức Nguyễn,2024-02-18
3409,Quý ông Dũng Mai,2023-08-25
3413,Chi Vũ,2024-01-10
3415,Bà Vi Dương,2025-04-24
3427,Hưng Vũ,2025-03-16
3430,Quý ông Nam Dương,2023-02-09
3431,Thành Trần,2024-06-22
3432,Thành Đức Hoàng,2024-03-15
3442,Linh Dương,2023-09-25
3452,Quý ông Minh Dương,2023-12-19
3455,Bảo Thế Nguyễn,2024-06-14
3457,Bác Phúc Bùi,2023-08-11
3463,Trọng Văn Lê,2024-10-05
3464,Hà Vũ,2024-02-07
3465,Tú Tấn Hoàng,2025-01-05
3466,Nam Hoàng,2024-10-11
3467,Cô Kim Vũ,2024-05-05
3471,Lâm Vũ,2024-08-31
3472,Quý ông Hưng Lê,2022-09-02
3475,Chị Kim Vũ,2021-05-25
3478,Quý cô Chi Lê,2022-07-22
3479,An Hải Dương,2025-01-26
3487,Anh Đặng,2023-09-26
3491,Hạnh Lê,2024-12-09
3493,Bà Nhật Bùi,2025-04-25
3497,Quý cô Xuân Dương,2022-08-27
3502,Thảo Hoàng,2022-03-12
3503,Khoa Mai Phạm,2021-07-14
3504,An Lê,2022-06-10
3505,Phương Đặng,2024-12-29
3507,Quang Hải Lê,2024-06-10
3509,Bà Kim Bùi,2022-05-13
3510,Huy Phạm,2025-02-28
3517,Duyên Nguyễn,2021-07-30
3519,Nhật Trần,2025-04-17
3522,Vân Vũ,2024-06-05
3524,Kim Trần,2024-07-10
3528,Phương Vũ,2025-02-14
3538,Nhật Thị Trần,2024-06-09
3541,Khoa Văn Phạm,2024-08-23
3544,Kim Đặng,2023-09-26
3554,Cô Thành Nguyễn,2024-02-06
3556,Anh Dũng Dương,2025-04-23
3559,Anh Thành Bùi,2021-06-24
3560,Linh Đặng,2024-11-24
3564,Minh Lê,2024-05-06
3565,Trọng Phú Mai,2024-11-29
3567,Hải Bùi,2025-03-16
3573,Tú Phạm,2025-03-14
3578,Chị Lâm Trần,2024-09-13
3579,Cô Hạnh Mai,2021-10-25
3580,Dương Lê,2024-03-24
3581,Ông Nam Hoàng,2024-03-18
3583,Chị Hà Trần,2022-10-10
3585,Chị Kim Lê,2024-11-09
3591,Bác Anh Hoàng,2023-07-03
3597,Ông Dũng Đặng,2025-01-10
3598,Nhật Phạm,2024-02-17
3599,Cô Thành Vũ,2025-04-24
3604,Hưng Đặng,2023-06-26
3608,Duyên Bùi,2021-12-07
3609,Bảo Hoàng,2024-03-08
3610,Quý cô Hạnh Mai,2025-01-19
3612,Quý cô Xuân Đặng,2025-01-17
3614,Hoàng Trần,2023-03-20
3616,An Mai,2024-09-06
3622,Bà Lâm Nguyễn,2024-09-09
3628,Cô Vân Đặng,2024-03-09
3631,Chị Vi Đặng,2024-10-28
3635,Nam Phạm,2023-06-25
3637,Phúc Bùi,2025-02-24
3638,Châu Trần,2024-02-08
3643,Bác Bảo Bùi,2022-09-13
3645,Quý ông Bảo Hoàng,2025-03-27
3647,Lâm Đức Dương,2025-01-12
3650,Khoa Đặng,2025-04-03
3654,Bà Ánh Lê,2024-01-03
3655,Bà Linh Trần,2024-08-11
3656,Quý ông Vũ Hoàng,2024-04-25
3658,Bà Ngọc Phạm,2024-07-03
3660,Quang Mai,2021-12-30
3661,Bà Bảo Vũ,2025-03-18
3662,Khoa Trần,2023-03-14
3665,Bác Trung Vũ,2024-05-09
3667,Huy Phạm,2023-09-23
3671,Bảo Vũ,2021-10-03
3673,Phúc Hữu Trần,2024-08-31
3675,Chị Kim Lê,2024-11-24
3676,Quý cô Mai Đặng,2024-06-23
3678,Phương Mai Đặng,2025-01-24
3681,Bác Quang Bùi,2024-09-23
3691,Phúc Hoàng,2024-08-20
3693,Xuân Lê,2025-03-16
3696,Bà Khoa Trần,2024-08-02
3698,Cô Hương Dương,2024-06-19
3703,Khoa Tấn Đặng,2025-03-30
3704,Mai Lê,2021-05-12
3705,Quý cô Hải Đặng,2025-03-22
3706,Quang Đức Dương,2021-03-05
3707,Anh Đặng,2023-04-09
3708,Bà Hồng Hoàng,2023-07-25
3716,Quang Trần,2023-12-31
3720,Khoa Đặng,2025-04-01
3722,Anh Thành Lê,2024-09-28
3735,Bác Quang Hoàng,2025-01-24
3736,Bà Duyên Hoàng,2025-04-12
3737,Vi Vũ,2022-06-24
3738,Ánh Lê,2024-03-13
3741,Khoa Xuân Trần,2021-04-29
3747,Quý cô Phương Mai,2024-06-29
3748,Bà Kim Lê,2022-03-26
3753,Nhiên Hoàng Nguyễn,2023-10-10
3762,Quý ông Huy Mai,2024-04-24
3769,An Bùi,2024-10-06
3772,Nhật Nguyễn,2024-08-14
3773,Quý ông Khoa Đặng,2024-02-21
3775,Anh Hải Nguyễn,2024-03-24
3778,Kim Nguyễn,2024-12-30
3781,Anh Lê,2025-04-27
3782,Khoa Hữu Phạm,2022-11-06
3788,Thành Đặng,2024-08-06
3798,Anh Phạm,2024-03-06
3800,Bảo Đức Nguyễn,2025-02-15
3804,Hoàng Xuân Vũ,2022-11-13
3805,Cô Mai Hoàng,2023-10-08
3806,Bà Yến Vũ,2024-12-11
3809,Nhật Dương,2025-03-12
3811,Kim Nguyễn,2024-07-20
3812,Khoa Thế Dương,2024-12-02
3815,Khoa Thị Dương,2022-12-26
3817,Ông Trung Vũ,2023-12-19
3819,Hạnh Dương,2024-08-12
3820,Cô Nhật Phạm,2024-08-19
3821,Châu Lê,2021-10-06
3822,An Trí Dương,2024-08-03
3824,Tú Mai,2023-03-21
3825,Bác Khoa Lê,2024-11-23
3830,Quý cô Hà Nguyễn,2024-07-30
3831,Cô Vi Dương,2025-03-24
3833,Xuân Dương,2022-01-30
3837,Xuân Lê,2024-06-10
3838,Khoa Mai Bảo Vũ,2023-03-10
3841,Kim Vũ,2024-02-01
3844,Cô Lan Vũ,2020-09-09
3847,Bảo Dương,2022-01-28
3849,Quý cô An Vũ,2025-03-02
3850,Quý cô Dương Dương,2022-03-08
3852,Quý cô Nhật Mai,2021-08-10
3858,Bác Vũ Bùi,2024-08-28
3859,Cô Nhật Lê,2025-02-03
3861,Anh Quang Dương,2021-08-27
3865,Phúc Hoàng Mai,2021-12-24
3867,Kim Vũ,2025-04-13
3868,Duyên Vũ,2024-05-02
3870,Cô Bảo Nguyễn,2024-03-17
3872,Bà Vi Vũ,2024-06-19
3873,Thành Bùi,2024-09-04
3886,Châu Lê,2023-04-04
3890,Phúc Phạm,2024-03-30
3896,Hạnh Mai,2023-01-22
3899,Chị Phương Đặng,2025-03-12
3903,Nhiên Xuân Nguyễn,2023-03-20
3907,Hà Mai Trần,2022-03-08
3913,Quang Phú Lê,2025-04-24
3915,Dũng Hoàng Nguyễn,2024-12-25
3922,Bà Hạnh Vũ,2024-09-19
3923,Hưng Hoàng Phạm,2022-01-15
3925,Linh Đặng,2023-05-23
3934,Bà Phương Đặng,2024-11-15
3938,Cô An Đặng,2022-10-05
3940,Phương Văn Trần,2025-04-18
3941,Anh Hoàng Dương,2025-03-22
3945,Bà Nhật Bùi,2023-11-30
3948,Anh Nam Trần,2025-03-20
3957,Dương Vũ,2025-02-08
3959,Bảo Đức Vũ,2024-11-30
3960,Quý cô Nhật Trần,2024-03-16
3965,Quang Xuân Nguyễn,2023-06-23
3968,Cô Phương Dương,2025-02-25
3971,Vi Bùi,2021-12-04
3974,Linh Trần,2025-02-25
3979,Cô Linh Lê,2022-02-23
3981,Bác Tùng Phạm,2023-05-11
3987,Dũng Bùi,2023-05-30
3989,Linh Vũ,2023-02-07
3990,Bà Dương Vũ,2024-06-03
3991,Chi Dương,2024-12-23
3992,Quý cô Kim Phạm,2021-04-11
3995,Hồng Trần,2022-11-23
3999,Bà Phương Trần,2022-08-29
4000,Hưng Tấn Mai,2022-11-13
4004,Quý ông Thành Trần,2023-10-22
4007,Ông Huy Đặng,2023-10-23
4009,Quý ông Nam Lê,2023-08-21
4011,Minh Bùi,2025-04-13
4012,Dũng Phú Phạm,2023-12-09
4017,Huy Hữu Vũ,2024-12-20
4021,Bác Nam Hoàng,2023-09-08
4023,Quý ông Quang Vũ,2023-10-10
4046,Quý ông Hoàng Mai,2022-01-24
4048,Nhiên Đức Nguyễn,2023-12-01
4051,Ông Trung Phạm,2025-04-08
4054,Lâm Mai Lê,2024-09-03
4055,Bà An Dương,2024-09-11
4057,Bà Mai Đặng,2025-01-31
4062,Hà Nguyễn,2024-05-21
4065,Bác Dũng Trần,2023-07-15
4066,Bà Kim Hoàng,2024-06-17
4069,Mai Mai,2024-12-03
4073,Quang Dương,2022-12-06
4084,Cô Vân Nguyễn,2025-03-30
4087,Ánh Phạm,2023-01-18
4093,Cô Thành Mai,2023-12-02
4094,Quý ông Trung Lê,2025-01-07
4097,Bà Chi Dương,2023-03-12
4100,Bác Nhiên Trần,2023-11-06
4104,Anh Bảo Đặng,2024-01-08
4107,Quang Xuân Phạm,2024-02-22
4108,Cô Nhật Vũ,2025-01-22
4110,Chị Chi Dương,2024-09-21
4111,Thành Phạm,2025-01-25
4112,Bà Thành Bùi,2025-02-26
4116,Hoàng Hải Lê,2022-05-11
4119,Lâm Thị Mai,2023-07-03
4120,Vân Phạm,2025-03-05
4121,Khoa Hữu Bùi,2025-02-20
4127,Nhiên Mai,2023-07-19
4135,Tú Thị Dương,2024-10-11
4137,Thành Hải Dương,2024-07-30
4141,Lâm Phú Vũ,2025-04-03
4146,Anh Khoa Đặng,2022-06-24
4149,Lan Dương,2021-04-11
4159,Anh Quang Bùi,2025-04-22
4161,Nhiên Nguyễn,2021-06-09
4168,Cô An Mai,2022-07-02
4170,Hạnh Dương,2024-10-23
4176,Quý cô Nhật Bùi,2024-11-03
4178,Tú Phạm,2023-11-04
4181,Anh Huy Đặng,2023-11-20
4184,Anh Khoa Dương,2025-02-06
4186,Thành Nguyễn,2023-12-30
4188,Hoàng Lê,2024-06-25
4190,An Mai,2022-10-28
4191,Thành Hoàng,2025-04-07
4198,Khoa Phạm,2023-01-14
4212,Phương Phạm,2024-03-15
4215,Ánh Lê,2025-02-28
4220,Khoa Trần,2025-03-18
4223,Chị Hà Đặng,2025-03-08
4226,Châu Quang Hoàng,2025-04-13
4235,Bà Xuân Phạm,2025-02-18
4237,Lâm Thị Đặng,2025-04-01
4243,Bác Minh Bùi,2024-08-13
4244,Trọng Bùi,2021-08-06
4246,Cô Hải Nguyễn,2022-12-25
4249,Huy Bùi,2023-10-18
4250,Huy Thị Trần,2020-10-03
4252,Dũng Đức Trần,2025-03-13
4253,Quý ông Anh Hoàng,2020-07-16
4254,Cô An Nguyễn,2024-03-07
4264,Bà Nhật Mai,2024-09-11
4270,Trọng Bảo Bùi,2020-11-24
4280,Bà Nhật Dương,2025-01-20
4287,Quý cô Hạnh Lê,2021-01-07
4288,Nhiên Tấn Phạm,2025-03-08
4290,Quang Hoàng,2024-03-29
4292,Duyên Hoàng,2021-01-31
4296,Chị An Mai,2023-04-09
4297,Nam Phạm,2024-11-24
4298,An Thế Đặng,2022-09-02
4299,Xuân Mai,2025-02-22
4302,Khoa Hữu Dương,2024-01-19
4304,Quý ông Thành Dương,2023-11-20
4309,Hưng Trần,2023-06-05
4310,Châu Lê,2022-12-05
4312,Bảo Hoàng,2024-11-02
4314,Quý cô Thành Đặng,2024-11-17
4318,Ông Minh Hoàng,2025-04-20
4323,Khoa Lê,2024-10-29
4324,Anh Tấn Nguyễn,2024-09-30
4325,Cô Thảo Đặng,2024-12-29
4327,Anh Hữu Vũ,2023-09-06
4329,Yến Dương,2021-08-20
4334,Vân Nguyễn,2022-05-16
4340,Quang Tấn Lê,2023-04-14
4342,An Bùi,2023-10-24
4345,Trọng Phú Hoàng,2024-12-11
4347,Châu Thế Lê,2023-07-11
4359,Bác Nhiên Đặng,2024-12-19
4363,Mai Vũ,2022-03-02
4370,Anh Hải Lê,2024-09-02
4373,Quý cô Phương Đặng,2025-01-22
4377,Trọng Mai,2022-07-17
4379,Anh Trần,2024-11-30
4380,Cô Hồng Nguyễn,2023-09-24
4385,Bà Nhật Bùi,2024-10-10
4386,Minh Bùi,2025-03-14
4387,Kim Quang Lê,2025-02-19
4388,Lâm Thị Hoàng,2022-10-05
4392,Châu Thị Bùi,2025-04-04
4394,Ánh Dương,2024-01-16
4396,Quý cô Bảo Đặng,2024-08-17
4397,Quang Thị Hoàng,2024-09-16
4398,Anh Hoàng Hoàng,2025-02-18
4408,Cô Xuân Đặng,2024-02-18
4416,Duyên Nguyễn,2023-07-31
4418,Châu Dương,2024-12-03
4419,Quý ông Trọng Đặng,2024-07-05
4422,Ông Dũng Lê,2024-10-07
4423,Bà Thành Trần,2024-07-06
4427,Bà Thảo Đặng,2023-12-18
4430,Châu Quang Phạm,2024-11-17
4431,An Dương,2022-11-17
4433,Tùng Phạm,2024-03-22
4436,Khoa Lê,2025-01-13
4440,Nam Thế Trần,2025-01-16
4442,Thành Phú Trần,2022-05-16
4449,Bảo Mai Bảo Hoàng,2022-03-14
4453,Hải Mai,2025-03-23
4456,Duyên Trần,2024-07-04
4459,Dũng Phạm,2024-02-05
4464,Tùng Vũ,2024-01-31
4465,Phương Xuân Đặng,2024-02-25
4467,Trung Hoàng,2025-03-14
4480,Cô Thành Phạm,2022-10-26
4488,Bác Huy Bùi,2025-04-07
4490,Nhật Tấn Nguyễn,2023-01-01
4492,Trung Hoàng Phạm,2025-01-07
4495,Yến Mai,2024-11-08
4498,Quang Mai Bảo Vũ,2022-07-18
4499,Nhiên Mai,2025-02-02
4506,Hưng Dương,2023-03-13
4511,Chị Thảo Đặng,2024-07-23
4512,Bác Nam Vũ,2023-02-26
4517,Quý ông Châu Dương,2023-09-15
4518,Bảo Trí Bùi,2024-09-09
4524,Anh Vũ Nguyễn,2025-03-13
4525,Vân Phạm,2021-12-04
4526,Ông Dũng Bùi,2025-04-27
4531,An Trần,2024-06-04
4534,Khoa Hải Lê,2024-09-28
4536,Khoa Mai,2024-10-06
4537,Phương Vũ,2024-09-29
4553,Khoa Hoàng,2025-02-13
4554,Nhật Thế Lê,2023-06-09
4555,Quý cô Thành Vũ,2021-06-07
4561,Khoa Tấn Phạm,2024-02-05
4563,Trung Dương,2024-08-28
4565,Thành Phạm,2021-05-26
4566,Lâm Xuân Hoàng,2024-06-26
4569,Khoa Văn Mai,2024-05-05
4570,Vũ Đức Mai,2024-11-23
4571,Hải Đức Nguyễn,2023-09-14
4572,Thành Đức Lê,2023-08-22
4581,Tú Dương,2024-07-01
4586,Thành Nguyễn,2025-03-29
4590,Vũ Thế Lê,2021-12-27
4594,Hương Đặng,2024-03-10
4595,Phúc Văn Lê,2025-03-23
4598,Hồng Nguyễn,2025-02-08
4599,Vi Dương,2025-02-07
4600,Bảo Quang Dương,2022-12-03
4602,Nhiên Hữu Phạm,2024-05-19
4604,Vi Hoàng,2024-06-20
4609,Tú Hoàng Phạm,2024-09-18
4612,Quý cô Thành Lê,2022-05-18
4619,Huy Đức Lê,2023-06-19
4624,Bà Khoa Nguyễn,2025-03-29
4627,Quý cô Hà Nguyễn,2023-03-11
4629,Lâm Phạm,2024-10-13
4630,Tùng Nguyễn,2024-11-30
4631,Bà Hà Mai,2025-01-31
4633,Nhật Dương,2024-02-04
4640,Khoa Bảo Mai,2024-10-18
4642,Bà Xuân Lê,2023-09-26
4644,Bà Thảo Phạm,2025-02-07
4645,Lâm Bùi,2024-08-20
4646,Trung Tấn Bùi,2024-07-09
4648,Hưng Văn Lê,2024-12-25
4651,Hưng Phú Trần,2024-11-06
4663,Nhật Xuân Mai,2024-08-21
4665,Hải Trí Dương,2023-09-26
4669,Hà Đặng,2022-11-14
4670,Bà Dương Đặng,2023-08-19
4672,Vi Vũ,2024-09-26
4674,Hồng Trần,2024-03-13
4676,Bà Thảo Dương,2025-03-12
4681,Châu Hoàng,2022-12-21
4683,Minh Dương,2024-08-19
4698,Lâm Quang Vũ,2025-02-10
4701,Cô Thành Phạm,2022-05-28
4704,Ông Tú Mai,2024-06-09
4719,Hưng Vũ,2023-09-16
4723,Hà Hoàng Mai,2025-03-06
4725,Nhật Đặng,2023-03-03
4726,Hoàng Trần,2025-03-17
4727,An Hải Bùi,2021-12-22
4728,Bảo Bảo Nguyễn,2023-11-01
4730,Kim Phạm,2023-11-01
4732,Hạnh Vũ,2025-02-28
4733,Khoa Mai,2024-03-28
4735,Lâm Tấn Hoàng,2022-01-15
4736,Thành Thị Trần,2025-04-10
4748,Quý ông Quang Mai,2022-10-10
4751,Nhật Mai Phạm,2023-05-06
4752,Nhật Văn Hoàng,2024-11-20
4756,Huy Vũ,2025-01-24
4757,Cô Yến Mai,2025-04-23
4761,Thành Đức Mai,2024-06-09
4762,Thành Trí Bùi,2024-11-17
4763,Thành Trí Dương,2021-09-08
4766,Ông Châu Nguyễn,2024-12-07
4768,Cô Thành Mai,2023-11-01
4769,Huy Mai,2025-04-08
4771,Cô Phương Vũ,2024-08-11
4776,Bà Hương Nguyễn,2023-12-21
4778,Quang Bảo Mai,2023-06-18
4783,Cô Lâm Đặng,2022-05-12
4792,Quý cô Ngọc Nguyễn,2024-11-19
4795,Quý cô Bảo Hoàng,2025-04-14
4799,Mai Đặng,2024-05-03
4800,Cô Dương Hoàng,2022-01-26
4801,Ông Tú Trần,2025-04-22
4808,Anh Dũng Hoàng,2025-04-16
4809,Minh Tấn Trần,2025-03-06
4810,Dũng Đức Bùi,2024-04-03
4811,Nhật Đức Phạm,2022-02-19
4814,Nhật Vũ,2024-07-04
4816,An Mai Mai,2024-09-12
4817,Thành Nguyễn,2024-12-18
4825,Trung Mai Bảo Trần,2024-09-05
4833,Cô An Phạm,2024-01-13
4834,Chị Nhật Mai,2024-11-14
4836,Ngọc Đặng,2025-03-30
4841,Bảo Thế Lê,2022-03-25
4844,Khoa Phạm,2025-01-08
4848,Lan Bùi,2023-05-27
4850,Ông Châu Dương,2024-03-22
4858,Hoàng Đức Mai,2025-04-11
4861,Hoàng Hữu Đặng,2024-02-27
4871,Hồng Hoàng,2024-04-22
4872,Cô Vi Hoàng,2024-11-15
4873,Cô Dương Bùi,2025-04-26
4875,Quý ông Huy Đặng,2024-03-07
4879,Quang Đặng,2023-08-12
4882,Ông Thành Trần,2024-06-26
4884,Nhật Trần,2024-09-20
4889,Chị Mai Bùi,2024-12-23
4890,Khoa Đức Vũ,2022-10-11
4893,Nhật Đức Vũ,2024-11-19
4896,Bác Quang Bùi,2024-02-20
4902,Dương Dương,2022-02-05
4903,Hưng Lê,2021-12-13
4904,Thành Hoàng,2024-06-30
4905,Quý cô Hương Bùi,2023-01-23
4906,Huy Dương,2025-01-04
4911,Bà Hải Mai,2025-04-10
4919,Nam Đức Hoàng,2022-10-15
4930,Cô Hạnh Vũ,2021-07-22
4931,Lâm Phạm,2024-03-21
4932,Kim Hữu Nguyễn,2025-01-24
4937,Bà Bảo Vũ,2022-03-18
4940,Cô Hải Vũ,2023-11-30
4942,Vũ Phạm,2025-04-15
4943,Quý ông Tùng Vũ,2022-07-15
4946,Chị Dương Phạm,2024-11-10
4947,Linh Vũ,2025-04-07
4950,Thành Mai,2024-04-20
4951,Chị Vân Trần,2021-08-15
4952,Ông Thành Mai,2025-02-20
4954,Thành Nguyễn,2025-04-28
4958,Hưng Nguyễn,2025-03-28
4963,Chị Phương Hoàng,2023-11-29
4967,Quang Quang Phạm,2023-06-15
4972,Thành Nguyễn,2024-11-04
4973,Ông Quang Trần,2025-04-07
4979,Thành Trần,2024-01-08
4980,Quý cô Mai Nguyễn,2023-11-21
4981,Ông Châu Nguyễn,2024-10-22
4983,Anh Trần,2024-08-22
4985,Quý ông Tùng Vũ,2025-04-04
4987,Quý cô Thành Bùi,2024-03-01
4992,Lâm Mai,2023-05-01
4993,Vi Nguyễn,2024-08-01
4997,Quý cô An Bùi,2023-05-01
4998,Duyên Đặng,2021-01-14
5000,Chị Yến Lê,2024-03-24
5003,Chị Vi Phạm,2023-10-06
5004,Chị Lan Trần,2024-11-07
5006,Bà Nhật Mai,2024-08-22
5007,Kim Mai,2023-10-20
5010,Hưng Phạm,2023-12-14
5012,Cô Vân Đặng,2024-06-28
5013,Thảo Hoàng,2022-03-17
5017,Bác Anh Nguyễn,2025-04-11
5022,Bác Nhiên Dương,2024-05-15
5033,Hạnh Bảo Nguyễn,2024-11-11
5037,Hạnh Hữu Dương,2024-07-09
5046,Nhiên Nguyễn,2024-07-13
5053,Ông Tùng Dương,2022-11-29
5057,Nhiên Tấn Vũ,2022-11-04
5058,Quý cô Hồng Phạm,2024-11-12
5059,Cô Hạnh Phạm,2024-08-25
5062,Cô Khoa Nguyễn,2024-09-07
5065,Hoàng Tấn Vũ,2023-09-03
5076,Bác Quang Phạm,2023-05-04
5080,Hoàng Mai Bảo Nguyễn,2025-02-01
5083,Anh Hoàng,2024-12-20
5084,Yến Bùi,2022-08-07
5092,Chị Hồng Vũ,2025-03-07
5094,Huy Thế Vũ,2020-07-04
5095,Minh Mai Bảo Hoàng,2024-01-21
5104,Chị Kim Vũ,2024-02-05
5105,Quý ông Vũ Phạm,2022-06-26
5106,Quang Thế Lê,2024-10-07
5116,Cô Hà Dương,2024-12-02
5120,Lan Hoàng,2022-06-08
5122,Hạnh Hữu Vũ,2025-03-17
5125,Khoa Thị Bùi,2024-08-26
5129,Bác Châu Dương,2025-03-02
5131,Xuân Phạm,2023-04-01
5132,Chị Ánh Mai,2022-07-10
5136,Hoàng Hải Trần,2022-12-01
5139,Hải Bùi,2025-03-02
5141,Thảo Bùi,2025-03-20
5142,Cô Lâm Hoàng,2023-10-26
5144,Bà Ánh Nguyễn,2023-07-30
5145,Quý ông Minh Vũ,2024-04-13
5146,Quý cô Lan Phạm,2023-07-22
5154,Vi Bùi,2022-12-22
5158,Cô Vi Nguyễn,2024-02-17
5159,Cô Dương Mai,2024-04-19
5164,Hải Lê,2024-11-08
5169,Minh Bùi,2025-02-18
5171,Ngọc Bùi,2024-05-16
5174,Quý ông Khoa Trần,2024-11-09
5175,Minh Thị Nguyễn,2024-11-12
5176,Trọng Hoàng,2023-12-31
5179,Quang Bùi,2024-07-22
5181,Bà Duyên Dương,2021-04-05
5183,Anh Nam Nguyễn,2022-12-01
5187,Thành Hải Hoàng,2022-05-16
5191,Khoa Bùi,2021-12-13
5198,Bảo Trí Hoàng,2022-11-05
5206,Quý cô Mai Phạm,2024-07-23
5207,Quý cô Phương Phạm,2025-03-16
5208,Tùng Xuân Nguyễn,2025-03-04
5211,Thảo Đặng,2024-01-24
5214,Phương Vũ,2021-07-08
5215,Châu Thế Phạm,2022-11-23
5217,Thành Đức Phạm,2023-06-24
5218,Nhiên Dương,2022-10-18
5219,Cô Nhật Trần,2024-09-10
5222,Bà Chi Vũ,2025-04-10
5226,Bảo Trần,2021-04-24
5227,Nam Hải Hoàng,2025-04-20
5228,Bà Khoa Mai,2024-09-18
5234,Vũ Đặng,2025-03-18
5237,Trung Đức Đặng,2024-10-30
5238,Nam Quang Bùi,2023-10-21
5240,Lâm Trí Mai,2024-04-17
5244,Lan Hoàng,2023-09-25
5253,Cô Bảo Trần,2023-04-19
5254,Bảo Bùi,2024-04-01
5262,Trung Đặng,2022-09-11
5263,Tú Hữu Vũ,2025-03-01
5265,Quang Đặng,2025-01-24
5266,Chị Vân Vũ,2024-09-15
5270,Hồng Phạm,2022-05-13
5272,Trung Mai Bảo Phạm,2022-07-16
5274,Nam Đức Phạm,2024-07-22
5275,Bà Kim Lê,2021-08-12
5276,Lâm Đức Mai,2024-10-19
5282,Kim Quang Mai,2024-03-15
5295,Ánh Dương,2025-03-11
5309,Chị Thảo Đặng,2024-08-23
5310,Chị Lâm Bùi,2022-11-07
5320,Xuân Vũ,2023-10-11
5328,Hải Trần,2023-07-01
5337,Anh Dũng Vũ,2024-07-03
5339,Chị Hà Trần,2024-06-18
5341,Lâm Đức Bùi,2023-06-28
5344,Bà Hương Nguyễn,2025-02-10
5346,Nam Thế Lê,2021-08-06
5348,Minh Bùi,2024-03-24
5349,Chị Linh Trần,2025-01-23
5350,Quang Quang Đặng,2024-06-08
5355,Chị Thành Trần,2022-04-05
5358,Phúc Bảo Vũ,2024-02-12
5362,Anh Bùi,2024-10-10
5363,Quý cô Ngọc Phạm,2024-08-04
5367,Thành Mai Bảo Đặng,2024-08-11
5369,Quý ông Trọng Dương,2024-12-02
5371,Hà Mai Vũ,2025-04-24
5372,Hải Đức Đặng,2024-06-12
5374,Hải Phú Mai,2025-04-21
5375,Trọng Phạm,2025-04-25
5376,Kim Xuân Hoàng,2023-08-18
5378,Ông Dũng Mai,2023-12-02
5387,Hải Phạm,2021-05-09
5388,Cô Lan Đặng,2024-04-19
5389,Chị Phương Mai,2024-12-01
5390,An Bùi,2020-12-01
5391,Khoa Vũ,2023-11-14
5392,An Hải Dương,2024-02-22
5398,Quang Mai Bảo Dương,2025-02-12
5399,Hương Vũ,2023-08-29
5400,Hải Đức Lê,2025-03-16
5407,Duyên Đặng,2024-11-21
5412,Chị Vi Trần,2025-03-21
5424,Bà Nhật Trần,2024-10-18
5425,Chị Hạnh Đặng,2025-02-24
5428,Quý ông Hưng Dương,2024-05-20
5429,Duyên Dương,2022-09-03
5432,Linh Hoàng,2023-09-24
5438,Hà Đặng,2024-07-31
5442,Minh Đức Dương,2025-02-28
5445,Bà Kim Nguyễn,2021-06-30
5447,Bảo Đặng,2024-08-23
5448,Hải Hữu Mai,2024-05-01
5449,Cô Hương Trần,2024-08-21
5451,Vân Vũ,2024-11-11
5460,Nhật Văn Trần,2024-08-25
5462,Bà Vân Mai,2024-11-30
5468,Linh Lê,2024-10-05
5469,Hạnh Hoàng,2021-07-16
5470,Chị Mai Hoàng,2025-02-17
5471,Chị Hương Nguyễn,2023-04-16
5474,Bác Tú Dương,2023-04-30
5480,Hạnh Hoàng Mai,2025-03-12
5484,An Quang Đặng,2024-06-16
5489,Hưng Phú Vũ,2023-08-05
5501,Ông Hưng Vũ,2025-03-12
5509,Cô Dương Dương,2024-03-01
5513,Cô Nhật Hoàng,2023-03-03
5519,Cô Khoa Phạm,2023-07-30
5520,Ông Bảo Lê,2023-04-16
5522,Nhật Phạm,2024-01-04
5527,Hạnh Hữu Nguyễn,2024-12-30
5530,Bà Ngọc Hoàng,2024-09-30
5534,Minh Hải Lê,2024-01-30
5536,Khoa Mai,2023-09-25
5540,Nhật Đức Mai,2022-11-18
5544,Quang Mai,2023-04-27
5553,Hà Phạm,2022-10-21
5555,Tùng Hải Đặng,2024-09-15
5557,Trọng Bảo Trần,2023-10-20
5558,An Hữu Nguyễn,2023-11-06
5568,Nam Thế Vũ,2022-06-19
5572,Hà Hoàng,2022-02-07
5574,Vũ Bảo Dương,2023-06-26
5582,Chị Lan Đặng,2023-08-16
5587,Hà Bùi,2024-08-25
5589,An Phạm,2025-03-08
5592,Chi Bùi,2024-10-10
5594,Ông Hưng Vũ,2025-04-14
5596,Yến Mai,2024-08-18
5602,Chi Lê,2023-03-22
5603,Quý cô Chi Đặng,2022-09-28
5604,Hưng Vũ,2024-03-19
5607,Cô Nhật Hoàng,2025-02-19
5611,Khoa Thế Đặng,2023-03-10
5612,Thảo Bùi,2024-09-24
5619,Vũ Mai,2024-12-22
5625,Quý ông Vũ Hoàng,2024-09-05
5629,Quý cô Vân Bùi,2023-11-02
5636,Cô Hương Trần,2023-12-17
5639,Cô Hồng Hoàng,2024-12-20
5642,Anh Mai Nguyễn,2023-08-03
5647,Chị Ánh Phạm,2023-10-01
5652,Nam Trí Đặng,2024-06-06
5653,Thành Dương,2023-07-24
5658,Quý cô Thành Lê,2023-09-04
5663,Ông Phúc Đặng,2025-04-06
5666,Bà Chi Bùi,2024-09-25
5668,Hải Trí Vũ,2022-06-26
5673,Nam Phạm,2025-01-30
5675,Cô Lan Đặng,2022-06-17
5676,Cô Lan Nguyễn,2024-09-10
5680,Hương Bùi,2025-02-12
5686,Cô Yến Đặng,2024-05-03
5689,Thành Lê,2025-03-15
5690,Xuân Vũ,2024-08-01
5691,Chị Lan Mai,2021-04-03
5694,Ông Tú Lê,2023-12-03
5698,An Vũ,2021-09-21
5713,Anh Quang Mai,2024-07-02
5716,Lan Phạm,2023-11-18
5719,Quý cô Mai Lê,2024-05-07
5721,Hồng Mai,2025-04-21
5723,Hạnh Mai Bảo Lê,2025-01-23
5725,Hoàng Phạm,2024-01-18
5727,Nhật Nguyễn,2023-01-12
5730,Ánh Nguyễn,2024-12-29
5733,Quý cô Dương Dương,2023-01-03
5736,Minh Hữu Nguyễn,2023-08-23
5744,Bác Hoàng Nguyễn,2024-05-21
5745,Tú Hữu Lê,2024-07-01
5748,An Hữu Trần,2025-01-24
5751,Ông Minh Vũ,2025-03-19
5754,Trung Quang Dương,2024-08-03
5761,An Trần,2024-02-03
5762,Hải Hoàng,2025-03-01
5764,Ông Nhiên Đặng,2025-03-22
5767,Cô Hạnh Vũ,2023-04-02
5768,Hạnh Xuân Vũ,2023-01-12
5769,Hưng Tấn Vũ,2022-02-05
5772,Phương Phạm,2023-02-02
5773,Anh Tú Phạm,2024-03-04
5777,Yến Lê,2025-04-17
5781,Anh Dương,2024-09-24
5783,Bà Duyên Trần,2025-02-03
5784,Hải Hoàng Trần,2023-04-24
5788,Cô Vi Bùi,2022-07-02
5792,Mai Phạm,2022-09-02
5796,Chị Bảo Mai,2024-11-24
5797,Nhật Hải Bùi,2024-09-14
5798,Quý cô Hạnh Mai,2025-03-06
5800,Huy Mai,2024-03-02
5803,Thảo Nguyễn,2023-07-30
5804,Nhật Lê,2024-06-08
5807,Cô Thảo Bùi,2024-01-01
5817,Lâm Mai Bảo Đặng,2023-03-22
5821,Quý cô Lan Trần,2024-08-22
5823,Chi Bùi,2025-03-16
5827,Bà Khoa Trần,2021-04-25
5834,Châu Trí Trần,2025-01-16
5835,Anh Châu Phạm,2023-02-11
5837,Chị Nhật Dương,2024-12-22
5842,Hạnh Vũ,2025-04-10
5843,Khoa Dương,2021-10-01
5846,Ông Trung Hoàng,2025-03-13
5850,Lan Đặng,2023-09-14
5857,Trung Hoàng Lê,2022-05-21
5858,Ông Dũng Dương,2024-12-21
5861,Ngọc Vũ,2025-04-21
5862,Hạnh Dương,2024-09-01
5864,Hoàng Mai Hoàng,2023-08-07
5866,Cô Bảo Vũ,2023-01-04
5869,Bà Dương Vũ,2024-12-19
5878,Duyên Hoàng,2024-07-10
5880,Hải Vũ,2021-07-21
5884,Xuân Trần,2025-04-06
5891,Chị Hồng Trần,2025-03-27
5893,Ông Thành Dương,2023-08-05
5895,Chị Vi Phạm,2025-03-03
5897,Bà Dương Mai,2023-05-30
5898,Khoa Trần,2023-09-24
5900,Bà Hạnh Trần,2022-06-05
5904,Chị Nhật Lê,2024-08-17
5914,Quý ông Huy Đặng,2023-02-17
5922,Cô Hương Trần,2025-04-26
5924,Khoa Lê,2024-01-21
5927,Bảo Hoàng,2025-02-09
5929,Kim Mai,2023-07-28
5930,Anh Anh Vũ,2025-04-08
5931,Ông Hoàng Vũ,2022-09-07
5935,Thảo Đặng,2024-05-21
5937,Phúc Mai Bảo Phạm,2022-10-09
5940,Hưng Mai Bảo Đặng,2024-04-18
5942,Khoa Nguyễn,2022-02-19
5943,Quý cô Thảo Trần,2024-11-29
5945,Nhật Quang Phạm,2022-07-27
5946,Bà Bảo Dương,2023-11-03
5949,Lâm Hải Phạm,2025-02-20
5951,Xuân Nguyễn,2022-09-16
5953,An Mai Lê,2023-03-31
5958,Lan Bùi,2024-04-02
5960,Nam Nguyễn,2025-03-12
5961,Khoa Thế Nguyễn,2025-04-17
5963,Anh Quang Hoàng,2022-10-14
5967,Lâm Bùi,2024-11-22
5969,Bà Bảo Vũ,2024-10-21
5973,Quang Vũ,2024-10-29
5977,Hồng Dương,2023-12-07
5978,Quang Lê,2024-03-13
5979,Nam Phạm,2024-07-28
5980,An Đức Mai,2022-08-17
5981,Khoa Thế Bùi,2025-01-01
5988,Dũng Nguyễn,2024-08-03
5989,Ông Trọng Bùi,2024-06-17
5990,Tùng Mai,2023-10-18
5994,Ngọc Hoàng,2023-08-12
5999,Quang Mai Dương,2023-10-02
6004,Ông Tú Mai,2024-06-08
6007,Bà Lâm Đặng,2023-07-27
6008,Chị Lâm Nguyễn,2024-12-02
6009,Xuân Lê,2024-09-06
6026,Quý cô Vi Đặng,2025-03-04
6031,Bác Huy Bùi,2024-05-31
6032,Hưng Lê,2023-02-19
6033,Chị Nhật Vũ,2023-09-20
6034,An Đặng,2022-12-03
6040,An Xuân Vũ,2023-02-08
6042,Tùng Đức Phạm,2025-03-08
6046,Nhiên Bảo Đặng,2025-03-15
6047,Chi Đặng,2024-12-18
6048,Quý cô Hạnh Lê,2025-04-28
6052,Nhật Quang Dương,2024-11-23
6055,Bác Thành Bùi,2023-07-27
6063,Ông Phúc Phạm,2024-06-02
6064,Quý cô Thảo Dương,2024-10-19
6067,Bảo Thế Dương,2023-03-30
6069,Quý cô Thành Lê,2025-04-21
6073,Chị Vi Hoàng,2022-08-28
6086,Phương Thế Đặng,2022-11-19
6089,Thành Đức Bùi,2023-02-21
6091,Quý ông Thành Phạm,2024-04-17
6093,Lâm Dương,2024-01-23
6095,Vi Vũ,2024-08-10
6097,Phúc Đức Dương,2022-09-29
6099,An Thế Phạm,2024-08-21
6102,Hưng Nguyễn,2022-05-16
6113,Tùng Phạm,2025-01-29
6117,Lâm Nguyễn,2023-06-13
6118,Thành Thế Bùi,2023-06-17
6123,Thành Thế Phạm,2022-09-27
6125,An Mai Bảo Nguyễn,2023-08-23
6134,An Nguyễn,2022-01-30
6137,Quang Hoàng,2025-04-24
6140,Thảo Mai,2022-02-28
6150,Nam Bảo Trần,2025-02-23
6152,Khoa Xuân Dương,2022-04-17
6154,Bà Thành Hoàng,2025-02-22
6158,Bà Kim Dương,2025-02-20
6160,Bảo Mai,2024-08-31
6163,Nhật Hoàng,2024-11-19
6174,Chị Ánh Đặng,2023-12-06
6178,Châu Phú Dương,2025-02-07
6180,Quý cô Vi Lê,2023-10-16
6183,Khoa Hoàng Phạm,2024-05-09
6185,Bà Lâm Đặng,2024-07-21
6186,Khoa Xuân Trần,2022-05-14
6188,Cô Hà Lê,2025-04-13
6189,Khoa Xuân Mai,2023-10-14
6190,Anh Hưng Trần,2024-11-10
6199,Tú Dương,2023-03-04
6200,Tú Bùi,2025-04-19
6202,Yến Trần,2025-02-12
6203,Nhật Quang Hoàng,2025-01-09
6204,An Hoàng,2024-04-06
6205,Bảo Hải Phạm,2024-10-04
6211,Bác Tùng Nguyễn,2025-02-21
6213,Phương Bảo Lê,2025-03-20
6220,Vi Mai,2024-03-10
6241,Bảo Trí Dương,2023-02-22
6245,Cô Lâm Đặng,2023-02-11
6253,Hạnh Nguyễn,2024-06-04
6256,Quý cô Kim Trần,2025-01-12
6262,Hoàng Lê,2024-12-23
6266,Dũng Quang Mai,2025-04-01
6267,Nhật Nguyễn,2025-03-21
6271,Ông Tùng Đặng,2021-06-25
6274,Cô Vân Vũ,2024-01-09
6276,Quý cô Yến Phạm,2024-08-03
6281,Anh Bùi,2025-01-12
6285,Châu Hải Bùi,2022-07-20
6286,Cô Chi Dương,2024-01-16
6291,Phương Đức Mai,2025-03-17
6293,Anh Dương,2025-01-13
6303,Nhật Trí Nguyễn,2024-10-12
6304,Quý cô Kim Nguyễn,2024-12-03
6305,Ngọc Hoàng,2023-07-04
6306,Vũ Bảo Phạm,2024-04-03
6308,Tú Vũ,2025-01-22
6310,Chị Hạnh Lê,2021-12-08
6312,Trọng Hoàng Đặng,2024-02-10
6313,Nhật Trần,2024-11-07
6314,Thành Trần,2025-02-20
6319,Quý ông Huy Nguyễn,2024-04-14
6320,Quý cô Hạnh Đặng,2025-02-24
6321,Bà Ánh Dương,2024-02-23
6322,Huy Vũ,2024-04-22
6323,Quang Thế Mai,2025-04-26
6327,Vi Hoàng,2022-04-01
6332,Vi Nguyễn,2023-06-21
6334,Nhật Xuân Mai,2024-09-23
6336,Hà Trần,2024-07-02
6339,Quý cô Vân Lê,2022-09-09
6342,Lâm Hải Mai,2025-02-23
6346,Anh Trọng Trần,2022-06-01
6348,Quý cô Phương Mai,2023-05-23
6350,Nhiên Mai Nguyễn,2025-02-23
6355,Quý cô Ngọc Dương,2024-02-28
6363,Huy Lê,2025-02-04
6364,Khoa Bảo Lê,2024-04-11
6366,Kim Mai Bảo Lê,2024-07-22
6367,Bác Hoàng Hoàng,2024-04-12
6368,Cô Phương Lê,2025-04-27
6370,Hải Đức Bùi,2021-07-03
6378,Quý cô Hà Lê,2024-05-31
6380,Hải Phạm,2023-08-02
6383,Hải Lê,2023-05-09
6384,Kim Trần,2023-09-24
6385,Hoàng Vũ,2022-06-26
6388,Cô Thành Trần,2024-06-04
6390,Ông Huy Lê,2022-10-21
6393,Khoa Mai,2025-04-06
6395,Dương Mai,2024-05-18
6398,Vân Mai,2024-05-11
6401,Mai Mai,2021-12-09
6402,Cô Hương Dương,2023-11-07
6418,Quang Dương,2023-10-11
6421,Quý cô Phương Trần,2024-01-26
6423,Bà Nhật Mai,2023-07-29
6427,Bác Hoàng Vũ,2025-04-17
6428,Cô Nhật Vũ,2021-04-15
6433,Thành Bùi,2024-04-05
6438,Khoa Vũ,2025-03-18
6442,Bảo Lê,2022-11-30
6446,Chi Trần,2022-05-24
6449,Quý ông Minh Nguyễn,2024-08-07
6457,Khoa Đức Bùi,2023-02-02
6464,Hạnh Đức Trần,2025-03-04
6467,Quý cô Hà Dương,2024-03-04
6473,Cô Bảo Mai,2024-10-03
6475,Bà Xuân Bùi,2024-10-25
6478,Anh Dũng Đặng,2022-09-11
6481,Trọng Thế Đặng,2024-11-13
6487,Bác Quang Bùi,2024-07-25
6488,Nhiên Phạm,2022-11-12
6493,Thảo Mai,2025-01-19
6505,Cô Vân Phạm,2024-11-04
6507,Tú Trần,2022-02-28
6511,Hải Tấn Mai,2022-04-09
6516,Minh Hoàng,2024-04-07
6518,Quý ông Tùng Lê,2021-06-24
6521,Hồng Trần,2024-05-01
6524,Thành Đặng,2024-05-16
6525,Bảo Nguyễn,2024-01-21
6526,Bác Quang Đặng,2023-04-14
6527,Chị Duyên Hoàng,2025-04-20
6532,Cô Mai Đặng,2022-08-25
6537,Cô Linh Vũ,2024-07-16
6538,Nhiên Vũ,2024-06-13
6542,Quý cô Hạnh Trần,2024-10-18
6543,Kim Thị Phạm,2024-07-25
6546,Cô Lan Hoàng,2022-07-03
6548,Quang Nguyễn,2023-11-23
6549,Lan Dương,2023-09-05
6550,Bác Nam Trần,2024-03-04
6556,Quang Hoàng,2023-09-25
6558,Vũ Quang Đặng,2023-09-18
6560,Hải Lê,2023-03-01
6562,Hà Dương,2025-01-29
6563,Ông Quang Trần,2025-01-20
6566,Hải Trần,2022-10-03
6569,Nhật Mai Bảo Phạm,2024-07-09
6572,Chị Khoa Phạm,2024-10-24
6577,Bác Trung Phạm,2025-01-31
6578,Quang Nguyễn,2023-10-29
6587,Hồng Đặng,2022-12-04
6589,Huy Lê,2022-08-19
6602,Hạnh Dương,2023-12-05
6605,Nhiên Phạm,2022-05-20
6611,Cô Bảo Mai,2023-11-16
6612,Bà Hương Phạm,2024-08-27
6613,Cô Hải Nguyễn,2023-11-30
6616,Quý cô Yến Đặng,2025-03-27
6618,Nhiên Dương,2024-01-21
6632,Quý cô Yến Trần,2023-03-10
6638,Chị Bảo Phạm,2025-03-17
6639,Ông Bảo Đặng,2025-01-26
6642,Chị Thảo Vũ,2022-07-22
6648,Cô Ánh Đặng,2023-10-13
6650,Xuân Bùi,2023-01-11
6652,Quý cô Xuân Bùi,2024-06-12
6655,Bà Thành Lê,2025-03-22
6660,Hồng Trần,2024-09-25
6664,Linh Hoàng,2024-07-13
6666,Chị Lâm Đặng,2024-10-11
6669,An Hoàng,2025-04-25
6671,Thành Phạm,2021-06-26
6672,An Mai,2022-08-04
6674,Trọng Dương,2024-12-30
6675,Ngọc Phạm,2025-01-23
6676,Cô Nhật Đặng,2024-09-25
6680,Chị Nhật Đặng,2024-08-25
6681,Phương Phạm,2024-01-09
6685,Bà Hà Nguyễn,2020-09-21
6687,Kim Xuân Bùi,2025-01-15
6690,Phương Dương,2024-11-23
6691,Nhật Hoàng,2025-02-23
6693,Minh Đức Lê,2021-07-12
6701,Chị Hạnh Trần,2025-03-30
6702,Lâm Lê,2022-03-04
6707,Hưng Phạm,2021-09-11
6709,Chị Dương Vũ,2022-06-03
6714,Anh Nhiên Lê,2021-04-19
6719,Quý ông Tùng Mai,2022-03-06
6726,Ông Hoàng Dương,2023-11-10
6727,Yến Trần,2025-04-15
6728,Ngọc Trần,2024-03-15
6732,Thành Phạm,2025-04-26
6736,Mai Đặng,2024-10-27
6739,Quang Bảo Dương,2025-02-04
6740,Bà Chi Hoàng,2024-03-08
6742,Hải Bảo Đặng,2024-12-29
6746,Quý cô Thảo Đặng,2024-05-05
6747,Bác Quang Mai,2021-04-30
6753,Huy Đức Vũ,2024-03-14
6757,Thành Đặng,2024-01-28
6759,Hải Phạm,2025-03-15
6761,Thành Tấn Lê,2023-08-01
6762,Phúc Đức Vũ,2022-02-01
6766,Quý cô Chi Hoàng,2024-06-21
6767,Quý ông Nam Nguyễn,2023-11-09
6768,Quý cô Hương Đặng,2023-10-26
6770,Bảo Vũ,2024-07-01
6773,Nhật Lê,2022-07-31
6782,Quý ông Bảo Mai,2024-11-11
6783,Thành Đặng,2023-01-22
6784,Quý ông Hưng Vũ,2021-09-08
6791,Ánh Vũ,2024-04-11
6794,Bác Thành Bùi,2023-10-14
6797,Bà Thảo Hoàng,2024-09-01
6800,Ánh Mai,2025-03-31
6802,Hải Hải Trần,2023-12-12
6803,Bà Thảo Trần,2024-04-20
6806,Lâm Vũ,2025-02-22
6808,Hải Dương,2025-01-03
6812,Hưng Hữu Nguyễn,2023-05-13
6814,Quý cô Hồng Bùi,2025-02-21
6819,Chị Hải Dương,2025-01-05
6821,Anh Khoa Phạm,2025-04-25
6823,Hưng Trần,2025-01-13
6825,Mai Bùi,2022-09-11
6826,An Hữu Mai,2024-12-16
6837,Quý cô Duyên Bùi,2024-11-01
6839,Bảo Đặng,2024-11-06
6845,Chi Lê,2023-12-03
6863,Anh Châu Bùi,2025-02-19
6867,Ông Nam Phạm,2024-03-27
6869,Vân Phạm,2025-04-27
6871,Khoa Dương,2025-04-17
6872,Thảo Phạm,2024-11-27
6875,Minh Vũ,2025-04-22
6881,Duyên Mai,2024-07-09
6887,Ánh Lê,2024-05-08
6888,Kim Hoàng,2024-12-15
6890,Ánh Hoàng,2024-10-24
6896,Chị Vi Lê,2024-12-22
6897,Cô Hương Bùi,2025-04-01
6899,Kim Mai Bảo Đặng,2024-11-20
6907,Quý ông Dũng Đặng,2025-02-18
6908,Trung Trần,2025-04-22
6910,Minh Hoàng Trần,2023-07-31
6912,Cô Mai Đặng,2025-03-03
6913,Quý cô Chi Đặng,2024-09-24
6914,Hải Xuân Bùi,2020-12-23
6915,Hà Mai,2023-10-16
6916,Phương Mai Bùi,2025-03-05
6918,Phương Văn Nguyễn,2022-05-07
6919,Bảo Mai,2025-04-04
6922,Bác Nam Phạm,2024-07-28
6924,Quang Vũ,2024-01-04
6925,Vi Hoàng,2023-09-01
6926,Lâm Trần,2023-05-14
6927,Châu Đặng,2024-01-17
6933,Hưng Mai,2024-11-25
6942,Anh Phạm,2023-07-15
6944,Quý cô Hương Vũ,2025-04-23
6946,Anh Nhiên Nguyễn,2024-03-10
6949,Nhật Trần,2022-09-19
6950,Phương Dương,2025-03-25
6952,Quang Hoàng,2025-03-07
6955,Vũ Nguyễn,2022-12-08
6956,Hà Trần,2023-10-17
6958,Hải Bảo Dương,2025-02-04
6959,Hạnh Hữu Trần,2024-10-01
6965,Hà Phú Phạm,2024-09-04
6966,Nhật Mai Bùi,2023-03-10
6978,Nhật Nguyễn,2024-12-20
6979,Tùng Đặng,2022-02-26
6982,Ông Nhiên Dương,2022-08-12
6984,Nhật Hoàng Phạm,2024-03-22
6985,Quý cô Xuân Vũ,2024-03-05
6988,Quang Đức Đặng,2024-09-06
6991,Bà Yến Đặng,2024-06-29
6993,Quý cô Nhật Đặng,2023-01-24
6994,An Phạm,2022-10-19
6995,Trung Hoàng Hoàng,2025-04-14
6999,Quý cô Hạnh Nguyễn,2024-01-28
7000,Trọng Mai,2021-07-23
7005,Bà Thành Vũ,2023-10-01
7006,Linh Đặng,2024-11-23
7009,Mai Mai,2024-07-14
7013,Minh Lê,2021-07-07
7015,Quý cô An Vũ,2021-08-06
7020,Phúc Mai Bảo Vũ,2024-11-01
7021,Ông Phúc Hoàng,2022-03-05
7027,Chị Mai Phạm,2024-10-26
7028,Chị Yến Trần,2025-02-26
7033,Chị Phương Nguyễn,2025-01-28
7037,Chị Nhật Phạm,2024-11-02
7040,Ông Tú Đặng,2023-08-28
7042,Phương Bảo Nguyễn,2022-03-03
7043,Trung Bùi,2024-02-07
7045,Chị Ánh Mai,2022-06-07
7047,Khoa Nguyễn,2024-07-11
7054,Dương Dương,2025-02-09
7057,Tùng Dương,2024-11-30
7068,Bà Lan Bùi,2022-04-19
7069,Bảo Dương,2025-04-22
7070,Bà An Đặng,2022-12-16
7071,Chị Yến Trần,2023-10-16
7074,Thảo Dương,2024-06-15
7075,Minh Trần,2024-04-18
7077,Bà Vân Hoàng,2022-09-30
7078,Bác Hưng Hoàng,2025-04-26
7081,Thành Hoàng,2023-04-01
7082,An Lê,2025-04-03
7086,Trọng Hoàng,2023-09-03
7092,Thảo Lê,2021-08-17
7093,Chị Vân Lê,2023-11-07
7095,Anh Đức Dương,2023-12-30
7096,Hải Hải Phạm,2025-04-27
7100,Chị Hương Hoàng,2023-10-22
7101,Chị Hạnh Vũ,2023-12-31
7104,Hồng Nguyễn,2024-07-10
7105,Hưng Thế Vũ,2024-09-10
7110,Ông Hưng Dương,2023-08-02
7111,Hải Lê,2024-08-27
7114,Lâm Dương,2023-02-22
7115,Ngọc Phạm,2023-10-25
7116,Chị Hải Nguyễn,2023-08-30
7118,Xuân Mai,2022-09-07
7120,Bác Bảo Đặng,2022-04-18
7123,Cô Bảo Đặng,2020-10-14
7124,Châu Hoàng Trần,2024-08-15
7128,Hoàng Bùi,2024-01-09
7133,Quý ông Thành Lê,2021-03-31
7135,Bảo Bảo Đặng,2025-04-14
7136,Cô Bảo Hoàng,2024-12-20
7142,Phương Dương,2025-04-20
7147,Nhật Phú Vũ,2024-07-14
7150,Hạnh Phạm,2021-12-21
7152,Phúc Trần,2024-08-23
7154,Ông Vũ Đặng,2024-10-12
7158,Bảo Dương,2023-11-24
7161,Thành Thế Dương,2022-03-04
7164,Cô Hà Lê,2023-12-26
7169,Bà Chi Vũ,2024-06-25
7170,Hải Đức Hoàng,2024-05-24
7172,An Mai Bùi,2024-01-28
7175,Cô Vân Phạm,2024-08-14
7177,Quang Hoàng,2025-04-10
7178,Quý cô Xuân Trần,2024-09-11
7184,Chị Phương Lê,2025-01-10
7185,Chị Ngọc Nguyễn,2024-11-24
7192,Hồng Trần,2025-01-02
7196,Phúc Đức Mai,2025-03-16
7198,Yến Lê,2025-03-24
7203,Kim Quang Hoàng,2021-02-10
7206,Kim Vũ,2025-04-11
7210,Lâm Hoàng Lê,2024-01-18
7212,An Phú Bùi,2024-09-12
7215,Quý ông Hoàng Hoàng,2023-06-15
7218,Anh Thành Đặng,2025-01-30
7219,An Bùi,2023-08-14
7224,Bác Quang Đặng,2024-10-25
7227,Quý cô Nhật Nguyễn,2023-01-12
7228,Quý cô Vân Đặng,2021-11-25
7235,Vi Trần,2023-02-20
7236,Bác Phúc Phạm,2025-02-04
7237,Quang Phạm,2025-04-12
7239,Hạnh Mai Lê,2024-12-13
7240,Bác Tùng Đặng,2023-04-21
7244,Cô Hạnh Mai,2025-01-04
7246,Khoa Xuân Trần,2024-07-16
7247,Nhật Tấn Đặng,2021-12-01
7249,Bảo Thị Vũ,2024-12-25
7253,Nam Đức Hoàng,2023-12-27
7256,Bà Linh Vũ,2024-11-04
7258,Khoa Mai,2024-08-23
7262,Anh Tú Phạm,2025-02-17
7266,Bảo Phú Lê,2025-04-15
7269,Khoa Nguyễn,2023-12-22
7272,Ông Tú Trần,2021-05-23
7276,Nhiên Mai Bảo Dương,2024-04-22
7277,Chị Hương Nguyễn,2023-10-15
7279,Hà Nguyễn,2023-02-14
7281,Hương Vũ,2024-04-03
7282,Hải Tấn Trần,2024-06-13
7284,Quý cô Bảo Hoàng,2023-08-21
7288,Nhật Hải Mai,2023-09-08
7290,Yến Hoàng,2023-03-14
7291,Khoa Hoàng,2021-05-13
7292,Trọng Nguyễn,2025-02-13
7293,Châu Lê,2024-12-01
7298,Bảo Mai Đặng,2024-08-17
7301,Anh Vũ Nguyễn,2024-09-17
7303,Quang Hoàng Lê,2024-08-24
7304,Anh Quang Nguyễn,2022-12-23
7310,Quý cô Ánh Vũ,2024-05-19
7311,Bà Bảo Mai,2023-09-19
7313,Hà Hữu Đặng,2024-12-25
7316,Chị Dương Vũ,2023-11-05
7325,Quang Bảo Bùi,2024-02-05
7329,Trung Dương,2025-04-28
7331,Ánh Vũ,2023-09-29
7337,Minh Mai,2024-11-08
7340,Ánh Lê,2024-08-09
7346,Ông Tùng Vũ,2024-10-09
7366,Hải Hoàng Dương,2022-08-12
7368,Ông Tú Trần,2025-01-30
7370,Huy Thế Mai,2024-09-10
7372,An Thế Mai,2023-09-28
7377,Phúc Đức Vũ,2021-12-23
7384,An Đức Bùi,2024-08-21
7386,Hà Lê,2021-05-27
7391,Ông Châu Lê,2021-12-26
7392,Kim Trí Mai,2024-10-03
7393,Quý cô Thảo Nguyễn,2024-11-05
7395,Hương Nguyễn,2025-04-19
7396,Minh Nguyễn,2022-09-07
7400,Huy Trần,2025-01-10
7403,An Đức Hoàng,2024-06-30
7404,Lâm Mai,2024-06-25
7405,Khoa Phạm,2025-04-20
7407,Chị Lan Trần,2025-03-15
7408,Bà Thành Bùi,2024-04-28
7409,Hưng Văn Lê,2023-01-28
7412,Minh Lê,2023-06-05
7427,Thành Nguyễn,2024-11-16
7428,Trung Thị Dương,2025-01-16
7429,Cô Ánh Trần,2024-03-31
7430,Ông Châu Trần,2023-05-12
7431,Hà Hải Nguyễn,2024-11-16
7434,Hoàng Mai Bảo Bùi,2025-03-02
7435,An Nguyễn,2022-09-09
7439,Thành Bùi,2024-05-10
7440,Quý cô Khoa Phạm,2024-04-08
7445,Chị Hạnh Bùi,2023-11-27
7449,Thành Trần,2025-02-17
7456,Tùng Nguyễn,2024-11-20
7457,Quý cô Hương Bùi,2024-12-29
7465,Minh Hoàng Hoàng,2022-05-25
7466,Anh Bảo Dương,2024-11-15
7468,Huy Dương,2025-04-19
7470,Trung Hoàng,2023-12-21
7471,Tùng Bảo Phạm,2024-04-18
7475,Hải Vũ,2023-02-05
7481,Dũng Văn Mai,2024-09-10
7487,Quý cô Yến Mai,2025-03-09
7488,Thành Dương,2024-08-07
7490,Chị Nhật Trần,2022-08-31
7492,Bà Khoa Đặng,2024-02-18
7495,Tú Đức Vũ,2022-10-09
7502,Trọng Dương,2023-09-16
7504,Hồng Đặng,2024-01-15
7507,Dũng Đức Phạm,2023-08-01
7508,Nhật Quang Trần,2023-01-21
7509,Bà Chi Hoàng,2022-03-24
7510,Thành Xuân Trần,2024-03-12
7511,Quý cô Lâm Phạm,2024-07-01
7514,Bác Trọng Phạm,2023-10-21
7519,An Hữu Phạm,2021-03-30
7522,Khoa Mai,2022-08-26
7523,Hạnh Trần,2024-10-06
7527,Ông Minh Hoàng,2022-08-13
7529,Phương Vũ,2024-08-07
7530,An Trí Đặng,2021-08-13
7533,Quý cô Dương Mai,2025-04-10
7536,Trọng Phạm,2024-05-04
7538,Phúc Phạm,2025-02-21
7540,Phúc Trí Mai,2022-11-12
7541,Hoàng Trí Trần,2023-11-21
7546,Chị Khoa Dương,2025-02-22
7547,Nam Trần,2023-11-03
7558,Khoa Hải Bùi,2021-12-20
7563,Bà Dương Nguyễn,2023-06-30
7568,Bác Dũng Hoàng,2024-06-12
7569,Cô Thảo Đặng,2024-08-13
7574,Chị Xuân Bùi,2025-02-03
7575,Vũ Mai Nguyễn,2025-02-05
7578,Cô Hạnh Lê,2025-03-17
7579,Quý cô Khoa Mai,2024-06-18
7588,Bà Lan Dương,2023-02-17
7591,Lan Đặng,2023-05-31
7593,Vân Đặng,2023-12-21
7596,Tùng Bùi,2025-01-09
7600,Thành Mai,2023-08-09
7601,Dương Lê,2024-11-21
7602,Huy Vũ,2025-02-21
7603,Bà Thành Bùi,2024-09-26
7604,Quý ông Quang Bùi,2023-12-17
7605,Bác Thành Bùi,2024-11-10
7608,Quang Vũ,2025-04-05
7610,Ngọc Phạm,2022-10-15
7616,Cô An Dương,2023-12-09
7623,Quý cô Khoa Vũ,2025-01-28
7624,Bảo Dương,2022-12-04
7628,Cô Yến Lê,2025-04-18
7632,Phương Trần,2024-03-21
7635,Thành Tấn Bùi,2024-11-19
7639,Chị Ánh Trần,2023-12-30
7644,Huy Trần,2025-03-28
7648,Bà Bảo Trần,2020-11-01
7653,Quý cô Bảo Lê,2023-06-09
7656,Cô Yến Phạm,2024-12-11
7657,Quang Thị Lê,2023-10-21
7658,Trọng Trí Mai,2024-04-25
7660,Quang Đức Phạm,2023-02-10
7661,Quý cô Lâm Hoàng,2024-03-19
7664,Minh Văn Dương,2024-03-05
7668,Ông Vũ Phạm,2023-05-15
7669,Dũng Nguyễn,2022-01-18
7671,Lâm Bùi,2024-03-09
7674,Bà An Trần,2022-09-29
7675,Quý ông Phúc Nguyễn,2025-04-07
7678,Chị Thảo Lê,2024-05-08
7679,Cô Bảo Lê,2024-10-07
7680,Quang Mai,2022-02-12
7682,Thành Quang Trần,2023-04-10
7690,Bảo Nguyễn,2023-11-13
7694,Ánh Lê,2022-08-11
7697,Vũ Trần,2024-10-30
7702,Tú Mai Bùi,2022-08-20
7705,Duyên Bùi,2025-02-08
7706,Quý cô Chi Bùi,2025-04-11
7707,Phương Phú Trần,2023-05-14
7708,Ông Minh Mai,2025-04-02
7711,Hưng Mai,2024-02-20
7725,Chị Chi Nguyễn,2024-04-14
7728,Bà Hạnh Đặng,2023-03-20
7729,Quý ông Nam Dương,2025-01-23
7737,Hạnh Hữu Phạm,2024-10-15
7738,Vũ Bùi,2024-12-03
7741,Khoa Trí Lê,2025-03-11
7745,Dũng Hải Dương,2021-10-13
7746,Quý cô Hương Đặng,2024-02-26
7753,Hà Nguyễn,2025-04-24
7754,Huy Phú Lê,2023-10-16
7757,Quý cô Ngọc Bùi,2024-03-07
7759,Bảo Thị Lê,2024-07-09
7765,Lâm Đức Mai,2025-04-20
7771,Chị Yến Hoàng,2024-04-04
7772,Khoa Tấn Nguyễn,2023-07-23
7773,Bà Phương Mai,2023-03-06
7781,Mai Dương,2023-04-24
7782,Châu Hải Trần,2022-10-03
7784,Quý cô Lâm Vũ,2025-01-28
7788,Nhiên Mai Bảo Trần,2024-11-03
7801,Khoa Phạm,2023-12-24
7803,Cô Hạnh Hoàng,2025-04-04
7805,Quý cô Nhật Hoàng,2022-08-06
7808,Bác Thành Nguyễn,2024-11-20
7809,Khoa Đức Dương,2023-06-08
7811,Bà Linh Mai,2024-05-02
7812,Ông Tú Trần,2021-03-31
7815,Yến Dương,2025-04-03
7824,Quý cô Phương Đặng,2024-01-07
7825,Nhiên Lê,2023-10-31
7829,Chị Hà Vũ,2024-10-23
7830,Anh Nam Bùi,2024-07-28
7832,Hương Đặng,2025-01-11
7836,Duyên Dương,2023-09-18
7837,Tú Đặng,2024-07-17
7838,Nam Bảo Dương,2023-06-14
7846,Bà An Trần,2023-06-25
7851,Bảo Mai Nguyễn,2024-04-21
7858,Anh Trọng Mai,2024-02-28
7865,Vi Hoàng,2024-07-27
7871,Ông Quang Mai,2024-05-25
7878,Chị Vi Đặng,2024-01-31
7880,Chị Thành Phạm,2023-11-27
7882,Chị Nhật Đặng,2025-03-30
7884,Ông Bảo Phạm,2022-10-29
7886,Anh Lê,2024-05-12
7888,Vân Mai,2023-05-05
7892,Hải Hữu Phạm,2024-02-05
7893,Bảo Dương,2024-10-26
7896,Cô Nhật Dương,2021-09-30
7908,Chị Thành Vũ,2023-02-14
7912,Hạnh Hoàng Lê,2024-11-02
7913,Hà Hải Vũ,2025-03-27
7918,Bảo Hoàng,2023-12-27
7922,Nam Bảo Vũ,2024-10-03
7924,Trung Quang Dương,2024-08-26
7929,Chị Chi Đặng,2025-01-24
7931,Quý ông Khoa Dương,2025-02-06
7936,Bà Ngọc Phạm,2025-02-28
7938,Ngọc Trần,2024-04-08
7940,Quý cô Bảo Nguyễn,2024-02-28
7943,Anh Tùng Trần,2024-12-22
7952,Quý ông Tùng Trần,2025-04-15
7956,Quang Bùi,2024-05-12
7959,Ánh Bùi,2024-12-30
7960,Quang Mai,2021-11-06
7961,Ông Quang Bùi,2021-12-28
7966,Nam Vũ,2024-06-17
7969,Kim Bùi,2024-12-28
7975,Cô Dương Vũ,2020-12-18
7980,Hồng Phạm,2024-08-13
7985,Anh Tùng Vũ,2025-04-20
7987,Khoa Trần,2025-04-14
7990,Ánh Vũ,2024-10-22
7992,Quý cô Khoa Lê,2024-03-25
7998,Quang Đức Dương,2022-07-01
7999,Quý cô Mai Hoàng,2024-01-21
8001,Bà Linh Dương,2023-05-08
8005,Hồng Hoàng,2023-09-14
8008,Kim Hoàng Dương,2021-10-25
8017,Nhật Xuân Hoàng,2020-12-17
8020,Hồng Đặng,2024-10-30
8023,Nhiên Đặng,2023-08-28
8025,Nhật Đặng,2025-03-11
8026,Cô An Phạm,2025-04-28
8031,Hải Mai,2024-11-20
8035,Quý ông Quang Đặng,2024-07-27
8037,Nhiên Mai Vũ,2023-11-10
8042,Bà Khoa Hoàng,2022-05-15
8057,Chị Chi Phạm,2023-10-05
8060,Hưng Hoàng,2024-09-25
8063,Nhật Văn Đặng,2021-11-10
8064,Minh Mai Mai,2025-03-06
8072,Quý cô Thành Nguyễn,2023-02-05
8073,Tùng Mai Hoàng,2024-06-30
8077,Nhật Hữu Hoàng,2024-01-16
8083,Quý ông Thành Mai,2023-09-29
8090,Bác Trọng Trần,2025-04-12
8098,Cô Linh Dương,2025-01-22
8100,Hương Vũ,2025-03-18
8107,Hà Tấn Hoàng,2025-01-29
8109,Bác Nam Bùi,2023-04-28
8114,Quý ông Huy Lê,2025-02-25
8115,Hà Xuân Bùi,2022-03-30
8118,Ông Hoàng Lê,2023-01-20
8119,Lâm Dương,2021-09-14
8124,Cô Vi Dương,2025-03-30
8131,Minh Lê,2025-04-20
8134,Nam Văn Vũ,2025-02-18
8137,Anh Lê,2023-12-21
8144,Hà Hoàng,2024-07-13
8145,Phúc Vũ,2024-09-04
8146,Bác Trung Vũ,2024-05-19
8150,Minh Dương,2025-03-20
8156,Hải Bùi,2025-02-09
8158,Hà Đức Mai,2024-03-27
8168,Quý cô Phương Mai,2024-12-15
8169,Chị Hải Trần,2025-04-17
8170,Quý cô Thảo Hoàng,2025-01-23
8171,Bà Thảo Trần,2022-10-12
8176,Hải Thế Đặng,2025-03-27
8188,Châu Đặng,2022-06-27
8190,Vân Bùi,2024-06-16
8196,Hải Hoàng Vũ,2025-03-13
8205,Bác Bảo Phạm,2023-07-19
8210,Chị Yến Mai,2023-04-04
8212,Quý ông Trung Lê,2021-10-16
8215,Bà Kim Bùi,2023-03-29
8220,Tùng Dương,2021-11-20
8221,Lâm Mai,2024-04-20
8230,Nam Hải Nguyễn,2024-11-20
8231,Bác Tú Nguyễn,2024-10-18
8239,Quý cô Thảo Trần,2022-11-29
8242,Thành Trần,2024-12-23
8243,Anh Phúc Dương,2024-11-17
8250,Hà Phú Vũ,2024-04-26
8254,Hoàng Hải Vũ,2020-09-29
8255,Chi Đặng,2022-07-15
8256,Khoa Bảo Lê,2024-05-10
8257,Ông Châu Nguyễn,2025-04-21
8262,Chị Nhật Dương,2024-12-07
8268,Quý cô Hạnh Nguyễn,2023-01-19
8271,Dương Nguyễn,2023-01-26
8277,Cô Lan Lê,2022-09-14
8278,Hà Bùi,2024-12-20
8281,Bác Tú Bùi,2021-08-27
8283,Cô Hạnh Phạm,2023-02-19
8286,Ánh Trần,2025-02-03
8287,Cô Hồng Dương,2023-07-23
8288,Kim Thị Hoàng,2024-05-20
8289,An Thị Phạm,2024-02-06
8292,Chị Lâm Bùi,2022-07-27
8294,Chị Dương Trần,2023-08-09
8295,Nhật Trần,2024-04-18
8297,Quý cô Nhật Vũ,2024-03-08
8300,Chị Ánh Vũ,2024-08-07
8301,Nhật Mai,2022-09-21
8302,Thành Quang Hoàng,2021-04-13
8304,Nhật Thị Bùi,2024-06-07
8306,Cô Chi Mai,2023-05-03
8308,Chị Lâm Đặng,2023-02-05
8313,Châu Phú Mai,2023-06-04
8317,Bảo Xuân Mai,2023-06-27
8320,Phúc Lê,2024-07-15
8323,Nhật Đặng,2023-11-30
8325,Nhật Mai Bảo Hoàng,2024-10-09
8328,Vũ Hoàng,2022-05-17
8329,Anh Xuân Mai,2024-07-22
8331,Cô Yến Bùi,2024-06-22
8332,Dũng Trần,2024-10-24
8333,Chị Linh Dương,2023-11-20
8334,Hà Phú Vũ,2024-10-15
8346,Bác Dũng Nguyễn,2025-01-13
8347,Cô Phương Dương,2024-01-26
8348,Vũ Văn Lê,2024-12-30
8349,Chị Kim Phạm,2025-04-06
8350,Nam Dương,2024-08-06
8351,Hưng Dương,2025-01-06
8356,Anh Bảo Dương,2025-04-10
8361,Minh Bảo Phạm,2021-11-02
8362,Chị Bảo Hoàng,2025-03-12
8363,Cô Ngọc Dương,2024-11-06
8366,Anh Đức Vũ,2024-12-25
8372,Thành Trí Vũ,2024-04-07
8377,Quang Mai,2025-04-22
8378,Quang Trần,2025-01-29
8379,Chị An Lê,2024-11-13
8384,Duyên Hoàng,2023-10-07
8385,Anh Phúc Dương,2022-09-22
8386,Trung Phú Vũ,2025-03-25
8388,Quang Bùi,2024-06-21
8398,Phúc Lê,2023-10-03
8403,Thành Nguyễn,2023-08-24
8405,Bà Ngọc Dương,2024-08-09
8415,Thảo Dương,2021-09-27
8416,Bà Thành Lê,2025-02-06
8426,Hà Mai Nguyễn,2025-03-19
8427,Bà Thành Lê,2023-02-20
8431,Khoa Bùi,2025-01-17
8433,Quý cô Hạnh Vũ,2025-01-07
8442,Hà Mai Bảo Đặng,2022-10-30
8444,Huy Trần,2022-03-09
8446,Thành Đặng,2023-10-06
8449,Châu Dương,2025-02-04
8453,Quý cô Bảo Dương,2021-12-11
8454,Nhật Mai Dương,2025-03-27
8455,Chị Vi Trần,2025-03-11
8456,Thành Phạm,2024-04-17
8459,Quý cô Linh Dương,2023-07-10
8464,Anh Xuân Nguyễn,2020-08-11
8469,Hà Hoàng,2024-10-17
8470,Nhật Dương,2025-04-14
8471,Bảo Bảo Phạm,2023-12-09
8474,Hưng Trí Bùi,2023-11-08
8482,Trọng Trí Vũ,2024-11-07
8484,Cô Nhật Mai,2022-12-15
8485,Thành Trí Lê,2024-04-24
8487,Lan Bùi,2024-05-21
8489,Phương Mai Bảo Lê,2023-10-13
8492,Anh Tùng Nguyễn,2024-11-05
8498,Quý cô Dương Bùi,2023-09-17
8499,Dương Lê,2025-01-15
8502,Quang Nguyễn,2023-07-02
8506,An Lê,2024-09-30
8510,Lan Mai,2023-08-06
8515,Lâm Thế Đặng,2023-08-15
8517,Tùng Mai Hoàng,2024-06-12
8518,Thành Trí Dương,2023-09-01
8526,Phương Vũ,2024-09-29
8528,Anh Huy Trần,2020-11-08
8534,Bác Hưng Mai,2024-09-06
8541,Chị An Phạm,2024-08-22
8542,Anh Minh Nguyễn,2025-03-03
8544,Bảo Đặng,2024-11-11
8546,Quý cô Thành Bùi,2024-02-09
8558,Quý cô Hà Lê,2024-02-15
8559,Anh Trần,2023-07-05
8560,Nam Phú Lê,2024-05-29
8569,Thành Mai Hoàng,2025-01-12
8572,Trọng Trần,2021-05-01
8576,Thành Phú Mai,2025-04-03
8580,Ông Hoàng Mai,2025-04-18
8582,Hà Hoàng,2025-03-31
8583,Quý cô Phương Vũ,2024-04-16
8584,Anh Nhiên Vũ,2022-09-07
8591,Phúc Nguyễn,2024-02-17
8593,Khoa Dương,2025-03-30
8598,Vân Vũ,2021-02-28
8601,Hà Mai Hoàng,2023-12-06
8605,Khoa Bảo Dương,2025-02-23
8615,Bảo Trần,2022-01-18
8616,Nhật Lê,2021-08-11
8620,Vũ Vũ,2025-02-03
8623,An Hải Trần,2024-03-21
8625,Kim Hữu Hoàng,2023-01-08
8634,Ông Tú Vũ,2023-08-13
8637,Quý cô Khoa Vũ,2023-12-31
8641,Hoàng Trí Phạm,2024-12-23
8643,Thảo Phạm,2021-02-15
8645,Quang Thế Nguyễn,2023-09-05
8646,Tú Hải Nguyễn,2024-06-16
8647,Hải Thị Phạm,2025-02-05
8650,Bà Nhật Lê,2023-05-31
8659,Kim Xuân Lê,2023-08-31
8660,Anh Anh Dương,2022-12-18
8663,Hải Đặng,2023-05-29
8665,Quang Mai Bảo Mai,2024-02-10
8666,Hải Văn Phạm,2023-10-26
8669,Nhật Tấn Đặng,2023-07-06
8670,Anh Châu Vũ,2025-03-27
8672,Cô Duyên Đặng,2024-07-01
8677,Cô Phương Trần,2025-04-26
8681,Bà Hải Nguyễn,2024-08-30
8691,Chị Hà Trần,2024-06-23
8692,Tùng Đặng,2025-02-25
8694,Ánh Lê,2025-02-02
8695,Cô Bảo Dương,2023-09-10
8697,Anh Quang Dương,2021-06-06
8699,Quý ông Thành Trần,2025-02-27
8704,Bác Trung Trần,2021-09-07
8711,Quý cô Khoa Dương,2024-10-10
8720,Anh Bảo Hoàng,2023-10-17
8723,Hương Mai,2024-06-08
8724,Khoa Thị Lê,2021-11-25
8729,Nhiên Xuân Mai,2022-11-23
8731,Phương Lê,2023-05-17
8737,An Trần,2023-07-25
8739,Cô Lâm Dương,2025-04-22
8740,Phương Hoàng,2023-07-15
8742,Vi Bùi,2025-03-11
8743,Ông Quang Bùi,2024-10-08
8746,Chị Chi Đặng,2025-03-21
8752,Thảo Trần,2025-03-22
8763,Cô Hương Phạm,2024-03-02
8766,Chị Hà Mai,2023-01-29
8768,Bảo Thị Lê,2025-01-17
8771,Nam Quang Mai,2021-10-12
8774,Phúc Tấn Hoàng,2024-07-08
8779,Thành Thế Nguyễn,2024-02-23
8780,Phúc Tấn Hoàng,2024-10-17
8781,Cô Hạnh Mai,2024-01-24
8782,Bảo Đức Bùi,2024-04-07
8794,Khoa Thế Phạm,2022-08-26
8808,Chị Nhật Trần,2024-12-04
8815,Cô Hà Lê,2023-06-04
8816,Cô Hải Nguyễn,2024-07-28
8818,Phúc Hoàng,2023-06-14
8819,Bà Vân Bùi,2024-11-04
8828,Chị Nhật Vũ,2024-07-03
8838,Hà Hoàng Mai,2023-01-17
8839,Bảo Mai,2025-04-22
8841,Khoa Đặng,2023-08-23
8842,Quý ông Vũ Dương,2025-02-17
8851,Bà Linh Vũ,2024-03-26
8854,Quang Dương,2020-12-20
8855,Khoa Đức Mai,2024-12-02
8861,Nhật Trần,2022-04-01
8862,Anh Minh Dương,2025-03-13
8870,Chị Kim Vũ,2025-03-05
8874,Hoàng Mai,2025-04-22
8875,Hương Phạm,2021-06-19
8877,Vi Bùi,2024-07-01
8878,Phúc Trần,2025-02-16
8879,Nhật Đức Nguyễn,2022-07-29
8880,Quý ông Vũ Trần,2022-10-20
8883,Khoa Phạm,2024-08-09
8887,An Hữu Mai,2021-01-06
8890,Châu Nguyễn,2024-03-14
8893,Vi Vũ,2022-09-23
8895,Hoàng Thị Bùi,2025-04-04
8897,Chị Xuân Trần,2020-11-28
8903,Bác Trọng Hoàng,2024-12-30
8907,Kim Vũ,2024-03-17
8910,Trọng Quang Hoàng,2024-10-08
8912,Tùng Phạm,2023-08-13
8913,Linh Phạm,2025-03-25
8914,Quý ông Huy Bùi,2022-10-02
8915,Thành Hải Lê,2025-02-16
8926,An Hữu Bùi,2024-05-11
8928,Hà Xuân Dương,2024-05-13
8929,Hạnh Nguyễn,2024-07-11
8932,Lâm Vũ,2022-08-25
8938,Thành Trần,2020-07-08
8939,Anh Vũ Vũ,2023-10-17
8952,Cô Lâm Bùi,2023-01-21
8954,Duyên Lê,2025-04-22
8959,Quý cô Thảo Dương,2025-02-28
8960,Thảo Mai,2024-03-01
8967,Thành Nguyễn,2025-04-19
8968,Chị Hạnh Phạm,2024-01-31
8971,Quý cô Hải Vũ,2024-09-24
8975,Vân Nguyễn,2024-07-22
8977,Quý cô Thảo Trần,2021-12-31
8978,Quang Lê,2025-02-24
8979,Bác Nhiên Trần,2023-11-05
8982,Ngọc Nguyễn,2025-01-02
8983,Quý ông Quang Bùi,2021-12-04
8984,Tùng Hoàng Đặng,2024-02-26
8990,Nhật Bùi,2024-12-17
8998,Hải Hoàng,2023-10-06
8999,Ngọc Vũ,2023-01-10
9000,Minh Nguyễn,2025-03-04
9002,Quý cô Ngọc Bùi,2025-04-27
9003,Bảo Mai,2024-09-16
9005,Hải Quang Đặng,2023-09-23
9010,Huy Đặng,2024-07-07
9014,Châu Nguyễn,2023-12-13
9022,An Trần,2022-04-23
9030,Anh Bùi,2023-12-10
9037,Quý cô Khoa Phạm,2023-11-03
9038,Nhật Mai Dương,2021-09-24
9049,An Đặng,2024-12-11
9051,Nhật Văn Phạm,2022-06-23
9053,An Nguyễn,2023-10-25
9058,Thành Nguyễn,2023-07-03
9059,Cô Ánh Đặng,2023-09-09
9061,Hoàng Đức Lê,2022-03-17
9065,Châu Quang Dương,2024-09-15
9070,Vi Hoàng,2023-08-12
9071,Dũng Thế Trần,2023-01-24
9073,Chị Hồng Vũ,2024-01-21
9079,Nhiên Xuân Đặng,2025-04-01
9087,Vân Nguyễn,2024-01-16
9096,Kim Quang Lê,2024-10-17
9100,Tú Nguyễn,2025-03-16
9101,Phương Mai,2024-05-28
9103,Vũ Dương,2024-06-30
9105,Phương Đặng,2024-10-07
9106,Trung Nguyễn,2024-11-02
9117,Chị Chi Nguyễn,2023-12-30
9118,Thành Vũ,2024-09-10
9122,Chị Nhật Lê,2024-06-09
9124,Hải Đặng,2025-03-26
9127,Anh Phúc Đặng,2024-07-07
9140,Thành Đặng,2024-07-08
9141,Khoa Hữu Vũ,2025-03-08
9146,Anh Hoàng,2021-07-15
9149,Quang Quang Hoàng,2023-04-20
9152,Nhật Hữu Dương,2020-11-07
9155,Thảo Dương,2024-04-25
9158,Hưng Đặng,2023-07-11
9160,Vi Phạm,2024-05-30
9162,Trọng Bùi,2023-01-11
9165,Hà Phú Hoàng,2024-12-26
9166,Châu Vũ,2023-10-19
9168,Bà Hồng Trần,2023-09-15
9170,Nhật Lê,2024-06-19
9173,Cô Bảo Đặng,2024-12-25
9176,Hạnh Đặng,2025-01-23
9177,Tú Đặng,2024-12-20
9180,Bà Xuân Mai,2023-05-02
9183,Cô Hải Đặng,2025-04-07
9186,Quý ông Trọng Trần,2024-02-08
9189,Chị Ngọc Trần,2025-02-07
9190,Mai Nguyễn,2024-11-04
9195,Anh Anh Bùi,2022-10-07
9198,Quý cô Lan Nguyễn,2023-09-21
9200,Anh Nhiên Mai,2023-09-13
9201,Nhật Trí Phạm,2024-10-14
9203,Vũ Tấn Trần,2023-03-31
9204,Nhật Đặng,2023-10-05
9206,Cô Nhật Mai,2024-10-05
9211,Huy Hải Phạm,2024-05-31
9212,An Quang Trần,2024-05-24
9215,Khoa Xuân Đặng,2025-03-31
9216,Mai Mai,2024-10-20
9223,Minh Hữu Nguyễn,2024-02-25
9224,Quang Thị Nguyễn,2024-07-12
9230,Châu Hoàng,2024-08-16
9234,Bác Hưng Đặng,2024-02-04
9238,Trung Vũ,2025-04-22
9240,Mai Đặng,2022-11-04
9242,Vũ Văn Lê,2022-12-19
9244,Nhật Phú Dương,2023-11-10
9246,Phúc Bùi,2024-11-08
9247,Bà Lâm Bùi,2025-04-21
9249,Quý ông Bảo Đặng,2024-08-27
9251,Hương Đặng,2023-12-07
9258,Hải Thị Mai,2024-06-27
9261,Hà Thị Dương,2023-11-22
9262,Anh Minh Vũ,2024-09-27
9269,Quý ông Nam Đặng,2024-08-02
9270,Nhiên Đức Đặng,2024-06-27
9271,Quý cô Nhật Phạm,2024-04-26
9276,Nam Đặng,2024-12-19
9277,Lan Mai,2024-05-25
9290,Quý ông Tú Nguyễn,2022-11-25
9292,Vũ Mai Bảo Hoàng,2025-02-27
9295,Quý ông Hoàng Trần,2023-03-11
9296,Hà Đức Nguyễn,2024-07-01
9297,Quý cô Mai Bùi,2022-08-22
9298,Cô Xuân Phạm,2023-05-27
9301,Anh Dũng Vũ,2021-03-18
9303,Anh Mai Nguyễn,2025-04-19
9304,Cô Xuân Phạm,2024-06-16
9308,Nam Văn Phạm,2025-02-17
9309,Hạnh Bảo Đặng,2025-02-17
9311,Cô Linh Hoàng,2023-08-06
9312,Quang Nguyễn,2024-05-17
9314,Quý cô Mai Nguyễn,2024-05-18
9318,Quý cô Lâm Mai,2024-09-12
9320,Bảo Quang Lê,2024-11-25
9321,Bà Vân Trần,2022-01-23
9323,Quý cô Bảo Đặng,2022-06-17
9325,Nhật Lê,2024-12-03
9329,Quý cô Thảo Lê,2025-03-21
9330,Kim Phú Mai,2021-04-23
9331,Tú Trần,2022-09-01
9333,Cô Ngọc Trần,2025-02-07
9336,Quang Đức Lê,2024-05-27
9351,An Quang Hoàng,2023-09-09
9355,Hương Trần,2025-02-21
9357,Phúc Nguyễn,2023-10-28
9358,Bác Hoàng Bùi,2024-12-10
9359,Quý ông Tú Dương,2021-12-24
9360,Nam Vũ,2024-01-09
9361,Quý cô Khoa Vũ,2024-06-11
9363,Ông Quang Phạm,2024-09-21
9364,Nam Nguyễn,2022-05-31
9366,Châu Xuân Bùi,2024-12-16
9367,Nhật Lê,2023-04-01
9368,Khoa Trần,2021-09-13
9373,Khoa Lê,2024-11-13
9377,Xuân Nguyễn,2024-08-13
9378,Vũ Đức Bùi,2025-04-06
9379,Kim Đức Đặng,2025-04-14
9383,Chị Chi Bùi,2024-12-10
9384,Phúc Bùi,2024-09-30
9387,Duyên Trần,2024-06-04
9388,Vũ Văn Dương,2022-03-27
9389,Nam Dương,2023-04-15
9393,Bảo Hữu Lê,2024-06-23
9408,Nhật Mai,2023-09-16
9414,Dũng Đức Dương,2025-01-26
9415,Thành Mai,2023-03-13
9416,Cô Hương Dương,2022-09-24
9418,Bà An Đặng,2023-10-09
9423,Lâm Phú Mai,2024-04-13
9426,Hồng Đặng,2023-04-05
9428,Phương Hải Lê,2023-03-14
9430,Vi Vũ,2021-04-27
9431,Ánh Phạm,2024-04-08
9435,Anh Trần,2025-02-23
9436,Phương Phạm,2024-09-27
9439,Quý ông Quang Mai,2021-10-30
9447,Chị Khoa Hoàng,2024-01-17
9448,Khoa Đặng,2020-12-10
9454,Vân Đặng,2025-01-14
9455,Huy Đức Nguyễn,2022-06-11
9458,Hạnh Mai,2025-01-16
9461,Bác Phúc Đặng,2023-01-20
9469,Khoa Mai,2025-04-12
9475,Cô Nhật Nguyễn,2021-08-09
9477,Khoa Trần,2022-07-30
9481,Yến Dương,2020-08-04
9486,Bảo Phú Bùi,2021-10-06
9490,Hoàng Mai Bảo Mai,2021-08-01
9491,Tú Mai,2023-05-30
9497,Châu Nguyễn,2024-09-01
9503,Hải Phạm,2023-04-20
9512,Quý ông Thành Phạm,2025-02-11
9514,Quý cô Nhật Hoàng,2025-03-25
9517,Chị Khoa Nguyễn,2023-12-11
9524,Nhật Mai Đặng,2022-06-10
9530,Bà Kim Nguyễn,2023-07-07
9533,Dũng Mai,2023-01-15
9534,Cô An Trần,2021-05-06
9535,Phúc Mai Phạm,2023-01-02
9552,Chị Kim Vũ,2023-04-28
9555,Ngọc Phạm,2023-12-25
9557,Quang Lê,2024-05-09
9560,Trung Hải Nguyễn,2025-01-14
9564,Bảo Vũ,2025-02-16
9571,Cô Duyên Hoàng,2022-07-11
9573,Ông Anh Phạm,2024-08-27
9576,Bảo Phú Trần,2024-05-08
9577,Cô Thành Vũ,2025-03-31
9578,Lâm Phú Trần,2024-06-22
9580,Cô Lâm Bùi,2023-06-02
9581,Châu Phạm,2024-11-16
9583,Vũ Nguyễn,2025-04-24
9585,Quý ông Trung Trần,2024-10-02
9587,Quý cô Thành Trần,2024-03-08
9588,Bác Anh Trần,2023-10-05
9593,Hạnh Lê,2025-03-04
9594,Vân Nguyễn,2024-06-03
9595,Huy Đức Nguyễn,2025-02-26
9597,Quý cô An Đặng,2024-08-31
9599,Ông Trọng Trần,2025-04-27
9600,Vũ Hoàng Dương,2024-02-04
9602,Chị Bảo Mai,2022-06-07
9603,Bà Vân Bùi,2025-01-06
9606,Cô Kim Bùi,2023-11-10
9607,Trọng Dương,2022-11-12
9609,Cô Bảo Trần,2023-11-05
9613,Anh Nhiên Hoàng,2025-04-11
9615,Châu Xuân Bùi,2024-12-22
9623,Chị Linh Dương,2024-11-30
9626,Chị Thành Hoàng,2022-05-09
9628,Khoa Xuân Nguyễn,2022-09-17
9629,Bảo Hữu Bùi,2024-12-05
9630,Phúc Quang Đặng,2022-05-18
9631,Chị Dương Phạm,2020-12-26
9645,Chị Phương Phạm,2023-09-26
9650,Dũng Mai,2023-03-12
9655,Hà Xuân Hoàng,2025-02-07
9660,Anh Dũng Mai,2024-12-20
9661,Quang Đức Mai,2024-05-22
9662,Chị Xuân Mai,2025-01-27
9664,Chị Nhật Trần,2025-03-19
9665,Bảo Mai Lê,2024-04-08
9672,Cô Yến Đặng,2024-03-27
9675,An Hải Phạm,2025-02-10
9676,Thành Trần,2020-11-26
9677,Kim Dương,2025-03-08
9680,Cô Phương Hoàng,2022-09-27
9681,Bảo Tấn Bùi,2023-04-06
9683,Chị Ánh Mai,2025-02-28
9685,Tú Thị Phạm,2025-01-22
9689,Quý cô Phương Phạm,2021-02-13
9690,Vi Đặng,2025-02-06
9692,Ông Anh Nguyễn,2022-07-27
9697,Chị Lâm Bùi,2022-12-03
9700,Hương Bùi,2022-09-28
9701,Quý ông Quang Lê,2023-02-05
9703,Hoàng Vũ,2024-07-22
9710,Dũng Trần,2023-10-15
9711,Nhật Lê,2025-02-23
9714,Dương Lê,2022-03-12
9716,Quý cô Phương Lê,2024-02-05
9720,Thành Vũ,2025-01-07
9730,Ngọc Vũ,2025-04-11
9735,Chị Hải Dương,2024-11-21
9741,Khoa Xuân Vũ,2024-02-12
9742,An Xuân Dương,2023-10-15
9748,Hạnh Mai,2023-06-15
9749,Bảo Hoàng Lê,2023-11-19
9750,Nam Đức Lê,2025-02-22
9751,Ông Hưng Dương,2023-11-24
9753,Dũng Nguyễn,2023-03-13
9759,Hoàng Phạm,2024-04-01
9767,Anh Phúc Hoàng,2025-03-08
9768,Quý cô Thảo Trần,2024-07-22
9769,Nhiên Đức Dương,2025-03-10
9770,Chị Duyên Phạm,2023-08-17
9771,Ánh Nguyễn,2023-09-22
9772,Chị Nhật Mai,2024-03-06
9776,Quý ông Hoàng Vũ,2024-10-03
9777,Nhật Bùi,2025-02-21
9778,Hải Thế Phạm,2024-01-10
9780,Bà Mai Phạm,2024-05-15
9781,Nam Đặng,2025-03-07
9802,Khoa Phạm,2021-02-19
9803,Bác Tùng Phạm,2022-01-28
9805,Khoa Phạm,2024-06-07
9806,Anh Tùng Phạm,2025-01-11
9807,Linh Hoàng,2022-07-27
9809,Tú Mai,2024-08-24
9814,Châu Tấn Mai,2025-04-28
9817,Quý ông Huy Phạm,2025-01-07
9823,Quý cô Thảo Lê,2023-06-18
9827,Thảo Dương,2025-02-05
9828,Tú Hoàng,2024-03-21
9834,Anh Bảo Lê,2025-04-17
9841,Bà Lan Phạm,2023-06-11
9842,Hạnh Hoàng,2024-12-24
9845,Hạnh Văn Đặng,2025-03-07
9848,Thành Tấn Trần,2021-10-03
9849,Chị Lan Mai,2025-02-09
9850,Bà Ánh Vũ,2024-02-12
9852,Nhiên Dương,2024-03-27
9867,Cô Hải Bùi,2022-07-18
9872,Lâm Phú Dương,2024-09-02
9873,Dũng Mai Bảo Phạm,2024-02-03
9875,Hải Nguyễn,2023-07-21
9878,Bảo Thế Trần,2023-12-16
9883,Quý cô Xuân Bùi,2024-11-21
9888,Anh Thành Trần,2024-01-20
9889,Bà Ánh Trần,2022-08-16
9894,Khoa Văn Lê,2024-08-10
9895,Hưng Hữu Phạm,2024-11-14
9896,Phương Vũ,2023-09-27
9902,Anh Anh Bùi,2025-02-09
9906,Quý cô Hương Trần,2023-12-21
9909,Nhật Dương,2025-03-17
9910,Vi Dương,2024-05-22
9916,Quý cô Nhật Hoàng,2023-11-22
9918,Nhiên Nguyễn,2023-11-05
9919,Quý ông Quang Vũ,2024-02-15
9920,Nam Dương,2024-12-17
9925,Quý ông Thành Đặng,2023-05-26
9929,Dương Bùi,2025-03-03
9932,Trọng Trí Trần,2024-10-26
9934,Phương Dương,2025-01-10
9942,Ông Vũ Nguyễn,2024-03-01
9944,Hải Hoàng,2024-12-31
9949,Quý ông Tú Lê,2023-12-09
9951,Bà Ngọc Đặng,2025-02-22
9953,Nhật Bùi,2024-10-03
9954,Anh Văn Mai,2025-03-20
9957,Khoa Trần,2022-07-12
9963,Hà Xuân Hoàng,2022-09-04
9964,Anh Minh Trần,2023-11-14
9966,Vi Hoàng,2023-07-06
9968,Chị Nhật Nguyễn,2025-03-29
9977,Cô Bảo Bùi,2024-04-10
9978,Minh Bảo Mai,2025-01-29
9981,Phúc Quang Hoàng,2024-01-11
9984,Quý cô Thành Nguyễn,2024-01-01
9985,Ông Phúc Dương,2022-05-25
9986,Bảo Mai,2025-01-26
9987,Mai Nguyễn,2023-07-13
9991,Quang Quang Hoàng,2025-02-03
9993,Linh Dương,2024-07-18
9994,Anh Đức Hoàng,2022-08-23
