ma_mh,mo_ta,kich_co,trong_luong,gia,thoi_gian
201,Go education new operation according.,L,9.95,484.54,2025-04-20 13:36:29
1038,Yes science article without.,S,2.95,626.96,2025-03-29 04:31:09
1336,Cut risk simply tree since significant.,M,7.56,19.86,2024-11-24 09:10:47
1415,View majority represent quality stand agreement.,S,9.82,431.57,2025-03-01 04:30:55
1669,Many answer instead.,L,0.44,175.81,2025-04-04 03:27:34
2252,Poor worker staff decide conference trial.,XL,4.4,526.27,2024-09-27 18:07:58
4278,Offer staff Congress buy.,XL,7.26,856.28,2024-06-06 11:11:51
4991,Conference change share father her maybe.,S,6.68,579.02,2024-08-04 14:07:12
5953,Ready adult large society hand.,M,9.71,246.42,2025-01-17 05:36:20
6401,Establish drop report cell score.,S,6.84,444.39,2025-04-21 19:00:38
8197,Small risk list reality PM present find single.,S,5.74,82.79,2024-11-04 06:57:49
8645,Newspaper region including close move food win.,M,9.23,181.95,2024-10-10 01:23:07
8682,Office right final direction day show walk.,L,1.1,413.14,2025-04-06 09:47:27
8864,Final wide may candidate room.,M,8.45,944.46,2024-11-19 03:52:34
9489,Wide form management begin last use first.,XL,4.29,616.84,2024-05-16 22:00:46
10955,Natural seat morning.,M,3.39,260.17,2024-07-20 07:26:04
12328,Development reason artist watch think.,XL,3.73,221.49,2025-01-19 19:58:22
12352,Participant common meet around administration ago.,M,4.42,878.99,2025-02-12 03:28:08
14235,Crime subject thought director finally.,M,5.26,111.46,2024-09-20 20:34:15
19855,No include our couple audience school.,M,7.11,880.77,2025-01-25 23:28:29
20196,First spring effort lay behavior building.,XL,4.57,567.99,2024-11-02 18:55:03
20561,Tell eat participant toward suddenly type.,M,8.57,307.0,2024-08-05 07:40:24
21039,Save hundred young green inside.,S,5.82,727.6,2024-12-03 06:42:20
22798,Form article consider despite inside response.,S,6.39,71.54,2024-06-21 14:59:35
25752,Off eat few law dream century.,XL,7.05,447.07,2024-12-10 02:02:24
26330,Kind charge base no.,M,4.42,52.61,2024-09-07 11:42:37
27599,Nice eight year democratic term know surface.,L,6.43,392.16,2024-10-29 08:48:34
28473,Decide no capital which expect lead together.,S,3.58,703.51,2025-04-10 06:06:24
29505,Anything everything my career.,XL,3.21,931.6,2024-12-21 06:22:50
30044,Outside recognize hospital.,S,1.94,143.72,2025-04-05 06:06:29
31763,Fine may sit tell.,XL,9.75,11.33,2025-04-18 19:43:15
32876,Sea decide beat second data behind.,M,3.43,921.98,2025-04-14 01:00:24
34057,Help policy be study black.,S,1.73,260.44,2024-07-19 12:47:26
34793,Policy beyond half now.,XL,8.99,633.0,2024-09-12 17:46:01
35292,Debate walk matter education.,S,1.78,241.1,2024-05-19 10:38:56
35672,Too evening middle need decade choose.,M,2.98,545.33,2024-11-15 18:07:13
35736,Protect number about blood decision never artist.,M,4.82,600.51,2024-12-18 03:11:54
37139,Serve half experience outside operation.,L,2.36,49.85,2024-09-21 18:00:56
37810,Issue case consumer special agent subject skill.,XL,1.81,261.23,2024-10-30 08:08:09
39324,Guess life relate defense popular miss.,XL,2.15,688.24,2024-12-19 09:02:06
39757,Candidate machine yard recently describe position.,M,1.09,422.65,2024-09-24 13:00:39
42111,Line always wall order affect clear opportunity.,XL,5.12,985.76,2024-08-19 10:52:04
43304,Believe reason serious agent stuff Mrs.,M,9.2,594.65,2025-02-01 02:11:23
43694,Some early grow to security central.,M,9.91,270.23,2025-01-04 13:15:00
44122,Follow support book husband human in.,S,4.9,576.48,2025-04-03 04:00:56
44207,Throughout artist court war.,XL,1.84,790.55,2025-02-13 20:12:00
45621,Approach about a turn.,S,5.62,150.62,2024-11-25 16:30:01
47208,Perform present actually again end.,L,5.31,176.78,2024-05-31 21:55:05
47477,Power star power where near nothing.,XL,9.83,921.42,2024-07-03 17:48:53
48713,Nature wonder leg chance.,M,4.1,810.54,2025-02-18 00:41:33
49327,Near thousand clear responsibility manage several despite week.,XL,6.72,263.1,2024-10-04 19:34:03
51740,Read door region.,M,6.07,519.66,2024-08-01 07:39:59
52148,Morning cup allow.,S,2.79,46.38,2024-12-12 02:46:42
52473,Beat business center read view participant audience create.,M,4.61,80.78,2025-02-08 03:37:50
52794,Marriage we continue.,XL,6.06,618.51,2024-09-02 01:09:02
53852,By mother gun worker citizen.,L,4.2,690.57,2024-09-13 21:18:53
55072,Mission agent including south explain.,M,7.36,177.67,2025-04-13 10:59:01
55180,She stock score tell forward ball.,M,1.73,236.2,2024-06-21 23:51:41
56818,Letter tend book federal.,L,2.53,419.44,2024-08-03 04:44:01
57025,Congress section goal budget item animal ability.,L,3.06,119.58,2025-03-28 12:59:35
58244,Speech act fly of something upon.,S,3.91,667.5,2024-11-29 01:19:16
58317,Small green bring.,L,4.43,192.69,2024-06-15 05:42:52
58417,Behavior thus maybe improve shake.,M,4.74,976.83,2024-10-06 22:13:13
59290,Similar natural time final.,S,8.58,667.47,2024-09-26 06:07:56
59911,Act front soon authority subject available hundred series.,S,0.3,540.4,2025-02-08 21:26:33
59929,Process according memory class top.,M,9.06,260.99,2024-09-20 01:44:17
61482,Require class lose by politics page could.,XL,6.88,435.47,2025-01-04 23:27:05
61694,Military blue attack receive police.,M,7.47,727.04,2024-08-09 05:34:33
62949,Condition skin unit station rest send wall.,L,5.65,709.68,2024-08-11 06:28:51
63158,Future recent list dream help pretty hotel.,S,4.74,732.97,2024-07-03 06:56:56
63162,Within policy chair it seem agree.,S,9.74,735.5,2024-11-29 19:55:12
63248,Parent already story song southern.,XL,8.78,921.03,2024-05-18 08:16:30
63711,Current sometimes want plant court.,M,0.87,409.0,2024-05-02 14:09:07
64551,Push idea conference.,S,7.34,339.81,2024-12-17 21:09:32
65034,Perhaps eat speech but environment box.,S,1.91,596.64,2024-06-23 04:26:42
65409,Institution entire beautiful.,M,8.9,289.05,2024-05-05 23:19:20
66945,Reflect member huge focus.,M,6.61,840.44,2024-12-24 14:40:32
69840,Throw road most past just blood action leader.,XL,2.01,12.16,2025-02-14 05:16:19
70924,That common top nor trial require lot.,M,3.52,293.49,2024-11-10 11:57:58
72376,Yourself air pick son.,XL,9.77,838.09,2024-06-23 13:37:37
74003,Easy central prove occur.,XL,3.15,103.19,2025-03-05 12:46:28
74356,Small activity growth.,S,2.54,432.84,2025-04-18 18:06:51
74711,Sea about page ball foreign very realize.,S,0.34,34.74,2024-12-28 17:22:23
74864,Walk would Mrs tough special.,XL,0.66,455.73,2024-05-21 04:41:32
76460,Tell car more spend help.,S,7.43,35.95,2024-12-02 00:24:03
76500,Benefit that skill inside.,L,2.77,798.44,2024-08-12 08:52:18
77014,Shake service impact especially successful feel.,XL,0.86,848.45,2024-12-08 04:01:49
77131,Weight expert condition home special market soldier.,M,9.16,273.7,2025-01-02 10:12:04
77784,Issue wish group college occur analysis.,S,9.53,235.04,2024-05-23 19:32:25
79809,Speech budget though fire.,M,1.14,601.61,2024-08-14 05:18:32
80655,Federal really strong forward produce without.,L,2.53,563.85,2024-12-26 11:08:15
82084,Hundred at real likely year.,XL,6.97,261.89,2024-10-30 23:49:04
82655,Church herself news management soldier.,M,7.7,507.77,2025-02-12 01:27:19
82865,Well expert three investment couple court.,S,8.98,481.63,2024-06-01 01:04:44
83450,According tax help film.,L,2.81,745.81,2024-06-14 21:28:21
84229,Subject tough seat cup window imagine why.,M,2.58,623.23,2024-10-22 18:38:14
86001,Hour worker his generation wall.,M,3.13,25.96,2024-07-25 08:43:30
86425,Government such financial even.,L,2.57,765.44,2025-01-08 19:39:35
87297,Floor agent no need pattern space.,S,8.23,343.49,2025-02-13 05:47:39
88395,Minute two various.,L,7.73,825.17,2025-01-03 17:39:58
88850,Chance attorney ok century.,S,1.22,271.15,2025-02-03 18:26:13
90881,Figure must could let rise without direction.,M,8.69,869.03,2025-01-13 20:33:37
90944,Happy image sometimes work financial employee enter.,L,1.77,942.0,2024-06-08 00:16:12
91403,Fine mention capital really production article cost.,S,5.11,670.61,2024-12-04 04:51:07
92290,Important tree right industry itself pattern.,XL,1.49,20.23,2024-06-28 19:58:27
92722,Worker goal food develop minute.,XL,1.51,510.84,2024-10-26 22:38:26
94069,Be common offer.,M,0.55,502.21,2024-07-14 13:48:20
96477,East quite happen attention include company knowledge.,L,9.18,224.05,2024-05-19 22:35:45
97833,Training claim pick city.,S,4.82,667.5,2025-02-17 07:05:46
97866,Management food have energy day network summer teacher.,M,3.86,548.25,2025-04-21 11:12:56
97976,Before population various president.,S,8.83,849.38,2024-09-14 23:41:27
100241,Increase seem data exactly.,M,4.75,641.75,2024-11-26 14:52:50
100330,Themselves huge stay property.,S,1.28,118.52,2024-09-28 11:52:39
101936,Move though simple bag.,S,2.97,11.48,2024-10-05 21:40:54
101973,Go writer deal address attorney.,M,2.76,400.83,2024-07-19 21:31:55
102152,Pressure newspaper outside eight.,L,4.51,710.3,2024-12-14 13:30:30
104092,Reason hope employee budget worker.,L,9.67,589.38,2024-09-06 13:14:37
104115,Alone raise professor.,L,0.78,353.68,2024-06-11 19:04:13
104522,Whose discuss minute teach camera increase.,M,6.48,782.13,2025-01-19 22:03:11
104858,Eat campaign defense majority.,L,6.4,871.74,2024-07-25 12:49:09
105852,Land serious form occur same.,M,5.21,161.9,2024-09-03 02:07:24
106321,Remain share consider kitchen evidence believe point.,M,3.55,825.71,2024-11-13 03:16:22
107919,Popular different religious.,XL,1.23,958.55,2025-01-07 05:40:46
108282,There respond probably strong.,L,9.46,332.12,2024-06-01 02:19:27
109230,Market more spring go fine help agency.,XL,9.25,243.65,2025-04-20 14:44:02
109871,Wear list laugh bring smile.,S,6.01,793.44,2025-03-23 16:44:22
110352,Stage long fire matter.,M,8.24,925.03,2025-02-25 05:44:18
111324,Mission quickly tend policy.,S,9.38,420.72,2025-04-05 13:54:04
113202,Agent simple later form.,XL,5.3,182.01,2024-07-30 19:15:41
113330,Back sister affect happy impact involve.,XL,0.62,374.69,2025-01-22 02:05:41
115275,Blue force other trade.,M,6.4,715.34,2024-09-11 11:22:34
115815,Happy body especially require tough both school.,L,4.76,120.39,2025-01-18 00:43:44
116568,Action certainly increase leader budget.,XL,4.91,373.57,2024-05-20 09:25:16
118379,Almost least interview civil information have.,M,9.96,214.61,2024-06-25 10:33:47
119896,Thus sing think boy exactly somebody.,XL,2.64,888.43,2025-04-15 05:00:13
121054,Other middle machine develop gas film.,XL,7.22,263.07,2024-12-10 17:36:52
121610,Change mean data television continue compare score painting.,M,7.73,160.97,2024-05-03 12:22:16
122341,What something also daughter rate wind remain same.,L,4.26,442.27,2024-07-02 09:58:42
123551,Hit how before consumer.,S,1.01,302.74,2025-01-18 17:54:28
124782,When instead Mrs.,S,5.83,57.06,2025-04-04 13:23:23
124887,Surface suggest pull just.,S,4.93,882.68,2025-03-08 15:49:33
126544,Beautiful entire teach left improve.,XL,3.69,421.76,2024-12-28 02:22:51
127469,Different discussion despite protect those.,S,8.84,616.05,2024-05-05 21:05:56
128215,Trouble run lay.,M,7.85,515.72,2024-10-06 23:08:06
128617,Church somebody information easy use product standard again.,S,0.33,90.59,2024-12-24 06:07:45
128710,Provide notice support happen herself.,XL,7.44,850.05,2024-09-15 16:35:15
131382,Health visit suffer pick.,L,2.24,954.11,2024-09-09 03:42:10
131495,Down city oil stuff medical.,M,5.26,489.99,2024-06-12 16:00:32
131930,Box crime cell education approach beautiful include way.,S,2.77,807.34,2024-07-21 11:01:34
132080,Can wish performance his.,XL,3.77,261.59,2024-11-01 21:10:43
132337,Each billion hold million growth.,XL,5.34,720.78,2024-10-05 05:39:38
135463,Standard choice standard.,XL,4.3,440.25,2024-12-11 11:37:02
135515,Type building open trouble many matter.,L,4.44,218.85,2025-01-16 02:42:49
135530,Box woman take notice kid study.,L,6.02,953.66,2025-03-13 09:33:44
135705,Simple could over.,S,7.76,322.91,2024-05-13 20:44:22
137106,Check foreign approach fill none arrive.,XL,0.84,684.18,2024-07-18 02:41:08
137211,Do raise physical head less drop.,XL,8.17,982.84,2025-03-06 18:40:54
137552,Than your space enjoy already.,S,3.46,802.27,2025-03-23 18:26:38
140286,Modern include across employee soon.,S,6.47,370.63,2024-07-28 14:07:55
141883,Community over over own company man.,S,2.79,755.74,2024-09-18 20:10:51
143605,Audience together door available while.,M,6.43,203.33,2024-07-22 23:56:57
144710,Them smile first send board movie answer.,S,1.74,576.94,2024-06-18 12:36:55
145078,News deep west will how put wife choose.,XL,1.76,128.22,2025-03-15 13:37:08
146417,Look name of reveal base example it.,S,6.65,204.64,2024-10-27 08:13:20
151990,Such key moment half little effort carry.,XL,9.65,245.11,2024-11-30 17:11:59
155866,Picture poor here power lead until.,S,9.9,674.44,2024-07-20 03:17:42
156285,Road born walk church across street.,M,8.37,825.64,2024-06-19 14:32:28
156690,Often what end.,M,6.8,416.1,2024-10-21 17:11:37
157197,Require act a top effort state open.,L,7.26,513.25,2025-02-11 01:55:16
157529,Religious others job simple consider sell.,M,8.98,347.19,2024-08-22 21:04:11
159071,Other with concern present memory employee ten.,L,9.29,927.29,2024-11-05 02:13:21
160304,Ability visit name truth first whom old majority.,M,7.71,358.35,2024-06-08 04:36:02
161533,Sport window career wait program building.,L,8.24,761.58,2024-12-16 04:06:55
162519,Focus without take at reason card middle.,L,6.78,380.76,2024-12-04 12:10:39
165217,Standard spend note cost window.,L,8.84,477.42,2024-07-09 20:30:14
166243,Information both training society wind institution church.,M,4.13,502.21,2024-08-31 14:53:04
166481,Try late much amount small could drop might.,S,9.63,122.3,2024-11-23 23:49:51
166681,Tell best learn bag activity.,S,5.93,890.65,2024-12-13 21:13:27
167268,Third beyond personal show radio computer.,L,6.19,42.53,2024-09-19 13:37:31
168181,American against marriage be.,S,3.51,908.37,2024-08-15 01:16:03
168573,Surface stand upon everything worry myself yes.,S,8.72,150.9,2024-09-06 19:07:36
169193,Which dinner husband cost film bill.,M,8.71,115.99,2024-08-11 20:00:13
173337,Thing reflect with help speech method peace.,L,8.21,389.87,2024-11-11 05:12:38
174798,Economy enjoy set street other information there.,M,7.45,168.04,2025-04-23 12:13:31
177701,Author actually total across.,S,9.24,610.65,2024-06-02 16:06:05
178000,Interview walk professor hope.,M,1.93,236.44,2024-07-25 16:46:58
179512,See executive physical ok.,XL,8.89,654.4,2024-05-08 12:07:36
181193,Structure traditional chance across than tonight minute.,S,3.35,940.96,2024-06-24 21:27:46
184051,Anything number yes choice yeah.,S,0.99,780.28,2024-06-27 14:30:43
187093,Nice large policy without.,M,9.93,752.99,2024-10-20 01:47:54
187212,Else coach him pattern wonder ten.,L,4.69,92.97,2025-02-04 01:11:28
188080,Crime until Democrat sing process off.,M,9.63,54.07,2024-09-28 21:57:51
188554,House partner future business owner firm hear mind.,M,7.42,15.09,2024-05-06 08:11:22
190226,Last bit involve bring.,L,8.79,409.32,2025-01-21 14:56:51
193318,Traditional simple tell level effect upon once.,L,5.43,746.77,2025-01-20 00:37:15
193447,Per school country course.,S,1.55,922.2,2024-09-25 03:25:53
193997,Night oil and interesting.,M,6.15,183.74,2024-08-08 16:23:18
194673,Environmental event generation inside.,L,6.17,526.92,2024-08-21 09:42:58
194970,Floor fine rule tell continue us leg.,L,6.11,40.11,2025-03-09 01:44:39
195515,Because out seem second wide raise send.,XL,0.99,221.28,2025-02-15 02:48:55
196009,Conference though parent him draw close could.,S,8.5,913.38,2024-07-24 17:53:52
196107,Police if whether hour fine party decade player.,L,10.0,210.27,2024-05-16 14:07:43
198173,Perform boy force situation move hot find.,M,5.18,112.48,2024-06-23 07:21:10
201144,Order yeah large follow investment.,XL,9.35,175.84,2024-12-17 10:26:13
203794,Lawyer early night hard meeting natural establish.,L,7.33,148.0,2025-04-17 06:05:37
203869,Sea attention prevent quality.,L,5.11,953.61,2025-01-22 19:54:05
206105,Particular effort expert interest term force.,L,0.82,404.01,2025-04-09 17:51:25
206894,Range off for series.,S,9.01,874.25,2024-08-09 14:24:54
207035,Position activity environmental space.,L,6.58,594.93,2024-11-01 07:38:40
207169,Her believe marriage small can president.,S,7.59,265.9,2024-09-15 23:00:48
207221,Possible yes tax open.,M,5.91,974.4,2024-10-15 16:47:22
208874,Cultural pick management today scientist development door resource.,S,7.62,881.91,2024-11-29 09:11:44
210111,Quite assume describe likely growth century.,XL,5.27,684.8,2025-01-01 19:04:14
210175,History concern deal meeting yes fight.,XL,0.7,726.35,2024-08-05 23:07:21
212601,Anyone role side feel.,M,1.64,400.26,2025-04-24 22:45:49
212761,Reach that eight and class budget.,XL,1.36,363.01,2024-06-17 05:59:42
213529,Dinner anything again coach behavior.,L,2.99,478.33,2024-09-18 06:55:45
213562,Red explain peace American.,L,8.54,741.71,2025-04-01 16:05:30
214069,Throw put among off born ask number.,S,0.54,861.92,2024-09-19 07:45:09
214077,Suggest condition buy factor recognize.,S,9.69,392.84,2025-04-15 06:37:24
215892,International whether knowledge either purpose.,XL,6.05,307.62,2024-07-10 13:41:07
217556,Region couple across chance that from.,L,6.51,868.48,2025-02-16 22:49:46
218333,Office word probably station series between paper issue.,L,6.94,338.51,2024-09-03 10:50:24
218458,Agree from head couple.,S,7.82,417.15,2025-02-23 05:27:18
219302,Listen almost theory agreement near her.,XL,2.02,507.73,2024-06-05 23:53:12
219762,Heart bill them have different claim.,XL,2.33,885.87,2024-06-25 06:36:42
220287,This style already blue strategy.,M,7.96,60.91,2024-06-13 18:19:47
221202,Miss citizen final enjoy before.,M,1.75,773.16,2025-01-23 20:21:39
221203,Including painting management various particularly analysis better doctor.,XL,1.84,307.34,2025-02-17 12:24:30
223821,Series large two mouth citizen.,XL,2.95,35.28,2025-03-04 06:18:36
227025,Beautiful evidence development buy.,M,6.37,667.43,2025-01-24 18:26:00
228272,Information star interest thousand world.,XL,4.41,775.95,2024-06-19 22:44:13
228602,Able else rate different once open relationship TV.,S,1.59,633.56,2025-03-29 14:40:14
230906,Space quickly mother chair fact TV most.,M,5.48,433.93,2024-08-27 22:44:19
231071,Their receive discussion a.,L,4.43,55.33,2024-09-24 10:46:32
231260,So treat evening enough recent.,S,8.87,119.7,2025-01-14 13:22:40
231319,Job stay month single.,XL,6.73,988.02,2024-05-26 17:27:00
232761,Herself cause follow again able evidence.,L,1.94,314.66,2025-02-25 01:04:08
235967,You skill expect police that hope through.,L,8.0,868.31,2024-11-24 11:25:28
236492,End these cut number also fire notice.,L,7.4,832.93,2024-09-28 21:12:04
236960,Himself hard huge color size Mr guy.,S,6.01,468.25,2024-05-12 19:36:11
237916,Nature statement American military center owner.,L,6.66,558.02,2024-07-19 21:21:23
237982,Need head coach own system.,XL,8.63,274.76,2025-01-20 02:14:36
239735,Else interesting quality account spend name.,S,4.67,69.21,2024-05-16 10:08:05
240104,Candidate blood full second direction to in.,S,8.02,213.97,2024-05-30 01:31:43
240211,State few see.,S,4.68,801.19,2025-01-07 01:45:07
243754,Star large Mr.,XL,6.73,584.95,2024-10-14 23:35:24
243896,Doctor language single marriage.,M,8.52,914.57,2025-03-31 13:01:25
243955,Tax government cost relate total develop power.,L,9.11,298.99,2024-08-23 17:00:57
244865,Fish six reduce deep structure worry.,XL,6.82,230.64,2025-02-14 03:58:07
245078,Hospital side bank body if billion politics.,XL,8.85,163.46,2024-09-04 04:12:04
246422,Like news huge can environmental better team.,L,0.3,525.39,2024-07-15 01:54:11
249001,Religious short realize according contain quickly.,S,9.61,460.89,2024-06-08 20:25:37
249679,Product risk president example interesting size street.,S,7.6,55.8,2025-04-26 20:46:21
250261,Street pressure order determine wind fight friend.,XL,8.75,575.43,2024-05-27 03:05:08
250643,Series common ahead over.,M,4.4,221.35,2024-07-11 22:58:40
251958,Return federal somebody technology rate I close physical.,M,9.21,429.75,2025-04-03 07:31:13
254493,How about decision list.,XL,1.96,460.37,2024-12-31 03:19:19
254598,Audience culture candidate example claim tree.,L,6.06,89.46,2025-02-16 17:13:58
256598,Author side campaign major.,S,9.5,192.09,2024-10-08 09:16:56
258228,Region even only lay various there owner.,XL,2.98,698.32,2024-05-02 04:24:27
258672,Father newspaper pass cause into great.,S,9.85,50.39,2024-09-11 22:49:27
258690,Seem operation nearly difference enter large task.,S,7.94,682.64,2024-07-26 07:46:09
260436,Decision reveal serve act government former.,L,1.58,155.76,2024-09-15 21:17:10
263088,Maintain moment this material game some official.,XL,8.04,832.3,2025-02-12 12:51:37
263617,Institution executive easy serve.,L,3.2,226.31,2024-07-14 19:27:32
264202,Trial this add court however.,L,7.27,38.88,2024-04-30 14:24:09
264974,Democratic late before sing.,XL,6.06,429.96,2024-12-19 21:01:02
265234,People third say early character realize should place.,S,0.82,286.71,2025-03-02 03:00:59
268347,World maybe result value.,L,8.88,202.52,2024-06-05 17:27:48
269085,Pretty level throughout even.,M,7.35,678.16,2025-03-15 14:49:54
269282,Man including picture her skin.,L,2.61,889.72,2024-11-19 04:13:33
269480,Second later tough also.,S,7.3,389.85,2024-05-11 03:45:01
270157,Whose easy indeed physical film.,S,4.47,798.17,2024-08-29 04:23:00
270781,Mother kitchen just he allow people whatever step.,XL,6.82,373.69,2025-02-20 00:52:17
270981,Street street billion miss example court.,L,0.33,505.8,2024-05-31 03:46:45
271702,Capital watch popular.,M,7.71,774.59,2024-10-17 16:20:08
272531,Power camera law foreign truth home.,M,1.52,404.24,2024-06-29 05:21:54
275550,Tonight somebody help once cell contain.,L,5.48,758.85,2025-01-21 18:10:28
278272,Deal media pull cause bed never beautiful.,M,8.67,126.83,2024-12-10 08:45:10
278505,Board discover federal road serve standard.,S,8.73,549.11,2024-09-14 13:01:11
278974,Collection together also before bring world.,S,3.65,511.56,2024-06-18 11:46:03
280367,Attention girl close along.,S,1.63,148.21,2024-11-02 05:58:54
282106,Want nice argue up mind itself.,XL,1.15,749.45,2024-12-20 15:41:56
284214,Why account bed area might.,L,4.44,963.66,2024-08-25 15:36:51
288123,Beat actually message national teach age fact.,XL,4.74,586.25,2025-03-30 05:56:38
288517,Add power try scientist.,L,4.27,31.45,2024-11-16 13:19:34
289046,His stock because.,L,3.28,277.65,2024-10-05 04:52:51
290498,Though prepare sell city.,S,9.82,577.12,2024-11-07 01:32:51
291080,Standard much majority sister there book.,XL,5.14,320.76,2025-02-04 01:14:13
291408,Kitchen probably big contain.,M,8.09,426.33,2024-11-30 15:20:27
294703,Positive election exactly blue environmental.,M,3.95,632.09,2024-08-20 10:18:44
295119,Soon east including weight friend stay house treatment.,XL,0.35,860.03,2024-06-10 23:17:58
295868,Participant deep mention fly home choose.,L,6.71,954.08,2025-02-09 23:12:23
296320,Discover situation follow stop.,S,9.51,710.23,2025-03-03 18:58:45
298250,Anything them most.,L,6.29,515.68,2024-11-19 00:49:12
300460,Form person remember war voice one.,S,8.15,476.38,2024-06-12 14:16:10
301094,Great exactly rock way himself.,L,2.9,383.94,2024-08-12 22:15:29
301145,Interest apply lay agree.,M,5.56,478.65,2024-07-25 14:13:04
301389,Family keep history clear experience treatment wall.,S,8.82,261.36,2024-05-05 00:57:18
303832,Continue father form.,L,7.77,566.77,2024-11-01 11:16:38
304622,Throughout future hard site song century wall.,L,1.77,906.54,2024-07-27 03:22:50
305416,Bit direction image show several gas everything.,L,5.33,882.59,2024-12-01 17:07:15
306759,Station fund whatever stock attention of identify.,XL,5.84,683.09,2024-12-27 01:03:44
308684,Form student wait.,S,1.51,635.24,2024-12-08 13:09:16
309931,War middle why rich.,M,2.94,236.58,2025-02-08 17:44:31
311113,Happen trade thought wait keep grow street.,S,7.1,341.85,2025-02-12 06:28:00
311140,Not dog agreement agency product anything.,L,0.49,476.64,2025-03-22 22:59:59
312303,Executive condition understand have page current paper.,S,0.99,220.61,2025-02-07 22:09:30
313183,Discuss bank international toward.,XL,6.54,758.4,2024-11-09 05:01:58
313889,Traditional suddenly important.,S,5.61,798.3,2024-10-13 10:04:49
315384,Call light officer heart color.,L,2.51,757.97,2024-07-22 04:43:12
317573,Administration edge nature agree crime positive interesting.,M,6.88,143.23,2024-07-27 19:31:33
319412,Director above dark animal fire member police.,L,5.16,592.85,2024-08-19 15:16:56
319973,Dream play his before.,M,7.52,118.83,2025-03-08 21:52:38
320098,Wear we much suggest still statement time.,XL,7.61,598.01,2024-04-29 23:34:58
320329,Budget cut lose son others.,XL,5.24,420.9,2025-01-13 16:23:06
320380,Water seem attorney organization exactly hit.,M,1.03,262.68,2025-01-23 10:43:49
321724,Place either although tonight mention.,XL,1.04,466.28,2024-05-21 14:14:26
322443,Professional food man off source cup.,L,4.02,381.04,2024-12-29 09:58:36
324608,Upon sound particular wide beautiful.,L,7.45,48.79,2024-12-06 10:22:58
325749,Chair born ground four suddenly.,S,8.25,581.66,2024-12-27 11:04:51
327314,Enter rich improve man recently nice sea pressure.,S,7.05,259.55,2025-01-22 16:24:33
329593,Chance land audience baby throughout range office always.,L,5.09,589.81,2024-07-25 16:50:19
329690,Recognize economy result.,S,5.56,705.63,2024-10-29 18:21:43
334900,Again audience since deal stage girl commercial.,XL,4.66,13.9,2024-08-17 16:44:19
335099,Positive perform wear bag see they information.,XL,1.57,991.4,2025-03-31 13:16:16
335131,Professor investment rest.,S,7.08,30.86,2024-08-24 19:56:22
335507,Push too middle threat.,XL,2.0,84.61,2024-06-07 09:13:33
336323,Rest east four pull head although note.,M,2.37,104.38,2024-09-15 07:09:40
337006,Song during team admit push view mention.,XL,4.85,225.58,2025-04-27 23:47:57
337517,Structure over risk carry less ground move.,L,0.21,413.22,2025-01-14 18:07:21
339256,Democrat recent red officer PM media.,S,9.56,506.91,2024-10-12 09:56:34
340433,Write middle miss.,M,2.32,399.39,2024-11-05 22:13:47
341512,During significant exactly.,L,0.42,900.77,2024-05-10 17:11:59
343718,Sing science those score positive choose.,L,2.01,838.89,2024-06-08 13:53:55
344086,General amount painting despite.,XL,6.46,753.0,2024-11-16 16:56:14
344772,Young recognize deep shoulder nature sing.,M,1.9,614.08,2024-07-24 22:22:26
345043,Always however along firm live.,S,2.95,896.57,2024-09-26 16:24:39
346194,Truth current long such central thank.,S,5.86,243.01,2024-10-14 11:47:33
346527,Present push listen add firm successful.,M,3.18,843.89,2024-12-04 19:58:49
347400,Easy any analysis their.,XL,7.19,653.95,2024-12-04 17:13:51
347911,Federal human situation.,L,7.2,252.97,2024-11-17 08:45:51
348072,Seek Republican table us.,M,1.04,285.05,2025-03-25 12:45:11
349450,Door agent player room.,M,3.12,182.94,2024-05-09 09:31:28
349583,Then its need service.,S,0.23,756.66,2025-02-15 01:44:34
349999,Employee view matter life into.,XL,9.65,208.83,2025-04-01 23:19:57
350405,Because shoulder unit.,L,6.42,91.73,2024-09-20 16:20:49
350675,Goal dog heart capital cold manager bring.,S,3.1,466.01,2024-07-23 05:02:53
351794,Community top memory benefit reveal.,M,1.84,128.38,2024-11-10 20:12:21
354648,Marriage reveal participant firm year.,L,9.56,588.21,2024-11-15 11:11:01
355761,Stage hand compare tend.,L,9.03,432.84,2024-12-26 00:26:46
355799,Hot line similar land.,XL,7.32,874.86,2025-01-03 12:41:03
356224,Study vote camera from reality though.,M,6.44,103.06,2024-06-16 01:33:55
357218,Perform station whom however address natural face.,S,9.34,560.31,2024-06-15 07:32:08
358038,Usually energy community.,XL,8.29,354.13,2024-12-26 00:39:04
359294,Public continue hour central claim share.,XL,7.76,113.23,2024-08-09 09:24:21
359869,Firm college single require when color.,S,3.6,271.04,2024-05-23 12:50:58
360151,Fast soldier entire.,XL,0.97,881.85,2024-08-11 22:34:18
361878,About live letter.,L,6.8,140.97,2024-05-02 01:20:18
363166,Sound sound husband second side ahead nature person.,M,6.99,589.33,2024-07-07 07:47:51
364648,Subject sister party end hospital.,M,9.22,703.61,2024-07-22 22:11:01
365600,Skin a at fine response understand.,M,4.14,274.55,2024-07-18 17:16:44
366814,Section money do exactly know personal teacher adult.,L,0.47,751.83,2025-03-26 16:46:02
367555,Hold live central class rock.,L,3.98,547.11,2024-10-10 17:12:19
368225,Important which country its.,S,0.96,680.86,2024-11-22 15:54:13
371000,Firm by continue deep.,M,8.05,662.19,2025-02-18 14:50:51
371540,Development then possible few mind mouth.,XL,1.47,287.77,2025-03-15 20:23:06
373535,Boy claim so myself.,L,2.9,571.4,2024-08-31 13:21:43
373979,Practice collection system decision.,XL,8.84,898.53,2025-03-09 14:40:38
374403,Add watch opportunity other letter wrong.,L,1.02,766.09,2024-07-23 06:53:04
374931,Feel phone amount stop five crime type.,XL,9.03,520.51,2024-08-16 16:20:49
375345,Same former choice magazine bill American.,S,7.18,577.82,2024-10-06 15:13:47
375988,Information century wide call.,S,9.88,846.87,2025-03-01 04:00:24
378474,Even half stay.,M,5.11,895.86,2024-08-07 11:32:31
379806,Hospital leg or attention.,L,9.73,419.62,2024-08-02 07:02:45
380557,Television role itself table including idea win type.,M,5.79,342.74,2024-09-05 09:33:28
382085,Total official third south throw.,L,4.26,196.16,2025-01-07 13:52:30
382430,Money add by some.,L,5.97,853.41,2024-09-14 18:02:04
382551,Alone week particularly economic.,L,2.02,442.92,2024-06-03 10:55:51
386295,Discussion believe difference spring individual.,S,9.84,838.02,2025-04-20 09:56:50
386495,Smile bag change officer.,M,5.17,984.86,2024-11-06 02:18:53
386627,Give drive few house herself.,S,8.48,420.55,2024-05-27 11:04:11
388051,Ask important talk mean glass let necessary.,XL,9.19,260.31,2025-02-05 11:58:45
388432,Notice room should before hotel civil.,M,6.24,840.97,2025-01-19 13:44:29
390169,Policy meet edge play.,M,8.39,816.8,2024-06-02 08:19:04
390680,Least keep send medical born treatment.,S,4.59,814.38,2024-06-14 23:16:23
390762,Daughter would pattern road sometimes.,M,0.38,303.66,2025-03-15 00:46:49
393388,Moment forward whole western.,M,6.95,417.19,2024-12-24 08:40:47
394009,Town certainly with low east explain.,S,8.42,100.08,2024-06-10 04:23:05
396104,During late mean future suffer stop.,S,4.59,335.79,2025-03-19 19:27:19
396298,Agency with area movie bill might method.,M,5.15,71.67,2024-05-07 01:36:32
396451,Figure anyone most child impact.,L,7.1,55.03,2024-07-11 13:48:43
396492,Seem gun laugh strong.,L,9.95,970.5,2025-04-29 03:48:39
401597,Story sound prevent skin single.,L,7.26,689.31,2024-09-24 17:41:21
401858,Full get open.,S,0.48,408.41,2024-11-04 07:27:08
402768,Hot office number possible specific.,L,3.93,667.69,2025-03-11 12:23:29
402937,Will answer feeling job rather remember between.,L,9.58,161.42,2024-08-07 04:54:55
403312,City ball reach number group modern.,XL,8.77,578.08,2024-08-28 12:35:57
403457,Key less lose what best hard.,XL,9.98,924.01,2025-04-04 21:19:08
404276,Me history wife write before option page.,XL,8.97,668.67,2024-05-08 16:59:33
404905,Your today it social TV allow.,M,0.28,716.64,2024-11-21 06:57:33
405231,Southern population stock light.,XL,4.57,209.01,2024-12-22 22:58:26
405390,Would identify special heavy.,L,3.67,376.07,2025-03-21 07:07:58
406565,Total fund her once prove.,XL,8.53,788.11,2025-01-25 00:01:02
408223,Need whole ability happy clearly discover beautiful.,L,2.5,158.05,2024-09-11 20:47:14
409329,Total discover moment common scene yard.,M,8.91,579.97,2024-11-08 12:51:18
411414,Seat foreign life develop behind.,M,7.3,957.53,2024-10-25 11:35:29
412793,Institution man quickly near draw father as trip.,XL,2.95,912.64,2024-11-24 23:52:36
413147,Into on appear affect during without form.,M,0.15,624.51,2024-11-22 22:49:02
415242,Gas heavy feeling write than little stuff.,L,9.69,565.56,2025-03-04 18:35:29
418113,Outside room two less heavy leg by.,S,6.41,547.69,2024-08-15 14:42:09
418657,Generation but room.,S,3.56,960.35,2024-11-10 20:10:51
419953,Performance lead arrive three argue white.,S,5.83,164.7,2024-12-10 20:21:13
421576,Throughout understand focus budget job simply.,L,5.76,456.15,2024-10-15 18:46:52
422764,Your call account successful if Congress.,M,4.39,826.35,2025-04-15 06:28:39
422981,Data Congress avoid message.,XL,5.52,995.4,2024-05-20 12:56:28
423257,Reflect change list drive owner specific hour.,S,8.38,681.51,2025-02-16 23:53:47
424793,Yet edge record computer lot section voice.,M,9.61,618.06,2025-02-27 11:54:33
425892,Mother sort family admit including.,L,7.94,627.34,2025-02-19 07:34:40
426448,Represent still sell special court.,XL,4.74,782.25,2025-01-24 23:48:12
426783,Drive read this husband.,S,0.89,417.81,2025-03-30 09:50:29
426821,Dinner foreign goal people training both door agree.,S,0.68,804.06,2024-06-22 23:00:48
426948,Memory knowledge teacher TV much degree hold different.,XL,0.32,292.87,2024-11-29 02:31:27
427047,Recent mean we population end.,L,1.3,704.47,2025-04-28 20:54:09
427188,Its second these.,M,7.86,675.65,2024-12-24 15:38:25
428783,Hand official beat.,S,9.7,660.73,2025-03-27 20:54:38
429190,Senior space cover room.,M,4.44,70.83,2025-02-21 04:37:10
429328,Middle play strategy certain care party soldier.,S,9.09,298.1,2024-09-27 12:15:27
429790,Professor listen minute whatever drop pretty.,L,0.41,863.84,2024-05-10 03:17:03
431403,Itself forget spend capital.,M,5.6,156.65,2024-05-03 22:53:07
431689,Prepare camera instead break.,L,9.79,56.0,2025-01-06 00:12:58
431695,Now especially the surface.,S,7.36,61.05,2024-10-11 10:57:27
432614,Any serious challenge movement their election.,M,6.73,34.76,2024-07-24 22:07:05
432999,Law effort have add Democrat.,XL,7.03,294.69,2024-09-15 16:12:52
433078,Tend hour east toward green.,L,6.09,368.86,2025-01-29 08:35:31
433287,Window see yeah meeting.,S,5.61,305.25,2024-11-20 06:31:24
435870,Style investment institution hear reason everything.,XL,3.87,733.48,2025-04-06 21:57:54
437422,Night individual expert scientist spring dinner bit.,M,2.31,287.13,2024-08-30 20:46:14
437539,Painting year strong campaign.,L,5.34,818.72,2024-10-13 12:05:22
437608,She task early song office.,L,5.0,751.82,2025-02-23 12:00:14
439007,Anything bar mouth safe exist evening low.,XL,4.78,554.69,2024-06-06 23:50:37
439738,Follow total own keep mean one enjoy.,M,0.86,993.85,2025-04-06 07:17:06
440777,Yard police at guess guy evidence difference.,XL,9.5,937.95,2025-04-21 04:59:10
443117,Shoulder generation for throw.,M,1.22,276.84,2025-04-27 07:25:46
444793,Bed threat shake down see.,S,7.28,850.05,2024-12-21 20:01:35
445324,Pull term why who recent firm official.,L,5.23,528.14,2024-11-08 21:21:55
447993,Score specific environment could series.,M,8.62,616.09,2025-03-11 06:38:53
449295,Choose matter such.,M,5.07,239.04,2025-03-30 03:05:04
449748,Local traditional of.,S,5.7,97.85,2024-11-17 14:35:47
452238,Across forget here at head although.,M,2.84,981.8,2024-06-18 03:23:56
452344,Protect protect there deep indeed too believe.,L,8.73,565.77,2024-07-10 18:18:22
452634,Action be enough special green much important election.,M,4.57,417.83,2024-07-18 10:30:15
453118,Save book save hospital.,M,7.62,840.32,2025-02-06 08:13:54
453191,Feel material else difference picture.,XL,6.68,837.59,2024-07-24 12:13:05
455250,Ground TV gun still interview plant vote and.,L,3.27,68.89,2024-09-06 12:38:10
455284,Film them night education often plan.,S,7.63,898.39,2024-10-22 06:05:45
455569,Writer return argue.,S,0.84,144.26,2024-06-05 11:00:02
456991,Letter house class toward professional.,L,5.53,44.03,2025-03-05 05:47:40
460272,Next guess property focus.,M,0.7,991.52,2025-02-02 15:01:02
461457,Both loss describe after country federal professional.,XL,7.9,771.62,2024-12-25 09:42:28
461511,About station parent age.,M,7.62,321.95,2024-05-12 13:22:45
461587,Same thought standard energy.,S,0.64,246.08,2024-09-17 11:11:28
462034,Focus himself up around.,L,4.96,340.53,2024-08-02 12:50:09
462334,Able Republican thing kid contain Congress mind remain.,S,7.29,554.81,2024-06-25 00:16:35
462934,Realize capital official.,XL,3.34,462.52,2024-06-14 14:50:20
463271,Job choice morning.,L,4.68,611.8,2024-09-03 17:49:11
464457,Design choice later nation impact room role soldier.,XL,8.71,602.3,2024-12-04 16:08:33
465844,Coach here either we car easy.,M,2.88,725.29,2024-06-10 14:25:00
466310,Understand any return.,L,6.88,505.22,2025-04-24 15:34:16
467859,Practice drug project man range.,M,4.47,990.92,2025-04-08 21:03:42
468465,Customer accept music better.,S,9.77,793.43,2024-12-03 12:45:33
469476,Republican activity visit coach force program.,M,1.33,551.25,2025-01-24 12:35:03
469691,Spend assume level road home.,L,6.53,57.8,2024-07-26 14:22:14
473928,Wide maintain music debate.,L,3.4,628.02,2025-03-30 06:40:55
474828,Herself write growth believe evening act.,M,7.6,309.95,2024-05-03 05:44:13
475422,System job ask growth PM different in.,M,7.1,474.41,2024-09-23 22:27:40
475966,Future put power own against.,XL,6.21,252.89,2025-02-03 04:49:46
476357,First least receive.,M,6.24,792.59,2024-08-14 22:10:02
476870,Wind forward key born quickly another smile.,L,4.26,879.63,2024-09-11 13:07:14
476979,Arrive which ahead.,M,6.78,340.48,2025-02-15 04:00:08
477937,Tough adult fast gun during current mother must.,L,4.74,752.92,2025-04-14 15:25:49
477941,Seat not senior though within husband.,M,1.24,590.68,2025-01-09 07:19:51
480652,Find campaign resource argue control paper account.,L,1.32,554.03,2024-08-13 05:26:03
480722,Already agent really material brother brother cause marriage.,S,3.26,530.44,2025-03-26 02:24:13
481410,Boy often research thought hotel.,L,5.27,317.28,2025-01-06 13:00:07
481734,Mr control population especially building skin organization.,S,3.17,734.62,2024-08-27 14:22:02
481913,Small section government yourself understand life figure why.,S,5.36,95.51,2024-08-19 17:12:43
482482,Name population move apply.,S,6.67,313.57,2025-01-17 12:24:40
482703,Thus against guy able my data single.,M,1.82,451.13,2024-10-10 11:46:43
483058,Remember share number.,M,0.58,824.18,2025-03-09 01:52:18
483664,School worry and lay particular game through.,S,8.12,381.68,2024-08-13 19:35:09
483832,Minute best education beat southern nature.,M,2.72,725.76,2024-10-06 16:23:24
483926,Walk lawyer left.,L,0.85,316.18,2025-03-24 15:36:03
484298,Exactly different commercial.,XL,8.53,282.87,2024-10-05 19:08:05
484462,Trip high thought detail.,M,2.97,739.69,2024-08-04 08:58:17
486832,Section fund perhaps former forget page hold.,L,4.51,306.7,2024-12-08 07:05:42
488923,Catch across story.,L,1.47,74.18,2024-09-12 08:05:43
491840,Ago along present beautiful lose director gun.,S,3.62,65.64,2024-06-09 17:53:42
493091,With claim item Democrat.,L,5.03,751.72,2024-09-03 20:14:25
495838,Size set his firm because.,S,0.47,670.95,2025-01-24 01:01:44
496348,Activity key where story live traditional share both.,L,0.57,352.83,2024-08-31 05:20:34
498268,Threat million put short back evidence sign help.,S,4.22,424.93,2024-08-22 03:38:27
498937,Little sea interview sea beautiful section.,S,5.81,296.55,2024-06-09 16:40:38
499520,Product threat imagine.,S,9.99,757.11,2024-08-04 12:57:11
499652,Politics them exist finally.,XL,5.82,376.15,2025-01-21 09:29:16
499790,Performance drive medical step describe share travel opportunity.,M,3.22,644.05,2024-06-08 00:33:28
499828,Door large politics tend can.,M,7.02,908.03,2024-07-09 16:37:09
500156,Something enter actually leg always feeling.,S,2.37,103.81,2024-12-13 12:17:24
500304,Through quickly kind better hundred much.,S,2.25,62.33,2025-03-30 17:14:32
502154,Yes wrong population game.,L,0.74,350.96,2024-12-06 10:28:35
503268,Great professional trip foreign yes.,S,7.91,705.71,2024-06-07 09:32:49
503563,Think necessary them walk book type.,S,3.46,430.26,2025-01-28 21:14:06
503842,Ball course it but school bring on.,XL,0.86,753.33,2025-04-16 05:36:40
505326,Them where they just increase note radio.,S,6.83,228.93,2024-07-15 15:15:19
507035,Would mention fight three Congress space cover.,S,2.69,270.11,2024-09-22 22:32:11
508291,Present again trial when save third doctor.,S,7.93,263.28,2024-07-11 03:50:30
508626,Challenge maintain may certain account.,XL,5.15,197.94,2025-01-22 04:05:39
509767,Stop kind sign about human newspaper.,XL,6.68,182.12,2025-01-11 03:07:38
511652,Surface everyone suggest expect.,M,5.16,863.35,2024-09-24 12:57:53
513084,Condition degree language face number.,S,4.7,149.65,2025-04-02 12:59:09
516148,Father tend natural military at age.,L,2.11,384.52,2024-05-27 08:15:54
518373,Stage boy start lose.,XL,6.49,162.81,2024-08-15 19:11:23
518584,Add she none might dream technology will lead.,S,3.75,453.71,2024-05-25 00:24:23
518644,High program professor image.,S,5.21,181.49,2025-01-15 03:52:27
519509,Big establish difficult.,L,4.29,703.94,2024-09-06 02:12:47
519886,Agreement authority deep response.,S,4.37,697.57,2025-04-24 12:54:32
519935,Would drug really home science some expect difference.,M,2.87,303.54,2024-11-13 10:43:47
520101,Someone character city brother security increase industry deal.,S,3.23,263.02,2024-12-12 10:38:35
520550,Woman weight suggest say.,L,9.71,426.02,2024-07-28 15:23:01
520791,Moment whole firm bank floor different.,L,3.9,945.82,2025-02-07 17:07:47
522643,Black beautiful full him.,XL,8.84,767.21,2024-12-27 05:35:39
523522,Goal good trouble avoid unit.,L,1.53,447.67,2024-06-03 21:52:25
523649,Husband friend arrive I lot per turn.,XL,8.08,846.05,2024-05-15 08:42:53
524544,West win source perhaps.,L,1.12,43.56,2025-03-17 12:29:16
524960,Red visit middle.,S,5.2,661.57,2024-12-19 08:40:50
525033,Explain economic professor Republican explain list.,L,9.99,98.43,2025-02-07 07:38:37
527642,Most must least voice.,S,3.39,673.04,2024-07-13 14:56:41
529438,Image several team leg include.,S,5.5,792.63,2024-08-30 05:13:21
529441,Hope from apply manage identify others team president.,XL,1.79,411.85,2025-01-17 12:00:23
530296,Organization wind step popular senior.,L,7.19,944.6,2024-05-11 07:14:59
530811,Rule woman also economy subject marriage.,M,1.21,879.82,2024-11-20 12:47:03
533541,From answer ago assume form.,M,2.7,573.05,2024-11-03 23:02:52
535207,Yet brother wear how.,XL,0.83,411.71,2025-01-06 21:36:42
537868,Role half opportunity different world meeting.,M,8.76,866.58,2024-12-28 07:46:21
538664,Oil billion practice agent hospital economic really.,XL,7.12,613.84,2024-11-19 17:09:08
541459,Use through else yes.,M,7.44,983.19,2024-09-19 11:37:09
541732,Water statement theory industry prevent.,L,4.47,476.91,2024-11-30 14:35:42
542965,Whether such week without.,S,3.93,720.64,2024-12-29 21:14:31
543903,Cell sometimes fear positive.,S,5.42,559.31,2024-05-05 02:46:13
544136,Live however area run already bring small the.,L,7.17,217.23,2024-06-13 21:13:10
544401,Decision gun deal.,M,5.31,554.36,2024-12-30 15:24:44
544754,Statement over couple.,XL,7.98,98.17,2024-07-03 05:54:30
545338,We beautiful whether matter ground.,M,2.4,875.42,2025-03-05 18:29:24
546193,Pick kid my sit.,L,2.74,626.14,2024-05-03 21:28:20
547004,Apply can true return job week cause.,S,9.29,671.37,2024-08-08 13:16:50
547302,Person do coach tree speak outside use.,L,7.39,574.36,2025-01-03 19:35:50
550004,Media some development go expect over today television.,S,7.1,933.37,2024-08-23 19:31:30
551892,Call couple crime group.,XL,7.31,282.35,2025-03-24 03:34:45
553206,Line TV again drop thousand somebody fall.,XL,2.04,610.84,2024-08-24 00:26:40
553901,Above career newspaper short total.,S,7.56,826.59,2025-02-17 15:06:18
555230,Two soon him speak ask person.,L,2.18,178.36,2025-03-23 21:17:45
556648,Generation soon give this quite pull.,L,9.46,705.45,2025-02-16 19:10:50
558120,Agreement he agree safe.,M,6.02,344.9,2024-07-15 01:35:36
558435,Education interesting establish important.,M,2.45,533.37,2025-02-26 12:06:21
559317,Capital five they mention power.,XL,1.89,688.85,2024-05-01 17:14:09
560892,Husband girl exactly magazine.,L,2.37,409.69,2024-11-16 18:38:33
563078,Though glass good from.,XL,0.93,123.59,2025-03-17 22:38:02
564343,Usually his member own hot.,M,1.01,820.13,2025-01-27 08:34:36
564978,Policy enter heart.,M,4.08,324.06,2024-10-13 02:25:19
565073,Leave factor what people item us.,XL,3.69,420.91,2024-11-04 07:43:05
565138,They again concern blood.,M,8.67,923.86,2024-10-05 01:38:59
567442,Huge choose issue.,M,0.79,548.97,2025-01-26 05:54:36
568074,Realize week although star hotel right.,L,2.48,419.94,2025-04-09 21:28:03
570560,Director expect success save international three.,S,9.51,528.34,2024-10-17 15:15:07
570683,Course close best authority body.,L,4.32,41.96,2025-02-25 14:26:12
571744,No its when some into.,L,9.09,212.58,2024-07-17 14:31:27
573162,Learn high consumer.,XL,0.71,255.61,2024-10-04 13:37:24
573902,Hope office oil often.,XL,1.18,366.32,2024-07-23 15:42:08
574144,Create same and rich else go.,XL,7.27,203.97,2024-06-28 01:56:47
575233,Third almost area affect thing.,XL,9.32,933.19,2024-12-24 16:30:01
575286,Several toward respond total increase.,M,8.19,700.13,2024-08-16 20:56:40
575380,True fall western great whose receive.,XL,4.94,459.4,2024-05-09 08:02:51
575608,General relationship happen open upon letter.,XL,6.31,810.4,2024-09-04 04:09:50
575684,Least action choose sport thought watch.,S,3.44,243.41,2024-06-14 06:55:38
576491,Quite guy to idea.,S,2.93,378.34,2024-08-31 06:05:33
576533,Music then myself sense.,L,6.9,487.07,2024-09-28 09:49:03
577636,Herself wife black statement general collection thus against.,XL,3.05,208.24,2025-02-24 12:11:22
578123,Within author unit why they that physical.,S,7.71,726.58,2024-11-09 20:23:25
579140,Party perhaps sell allow radio whatever officer executive.,S,9.93,15.59,2024-11-09 19:03:22
581373,Administration beat road better fly authority.,S,8.37,730.09,2024-06-30 01:31:38
581389,Special accept various other.,M,5.36,774.58,2024-06-11 08:28:32
581847,Least administration soon real.,XL,1.71,43.77,2024-08-23 18:28:48
582377,Benefit through after green sea.,XL,2.02,207.63,2025-03-04 19:18:42
583319,On value present need indeed yard talk imagine.,M,7.03,884.12,2024-12-23 16:07:54
584687,Family among forget story.,XL,9.84,629.81,2024-05-18 14:50:43
588328,Expert get friend.,M,2.67,675.48,2025-03-16 18:54:15
589671,Attorney whom past understand.,M,9.01,305.95,2024-06-17 11:05:32
590400,Point score every contain.,XL,6.95,705.34,2025-01-16 07:40:21
591704,Fill summer above.,M,0.96,482.49,2024-12-14 11:30:50
592323,Approach similar central of.,M,9.61,338.76,2024-09-29 00:51:41
592508,Us third result least.,S,0.97,255.25,2024-07-03 05:04:40
592571,Our memory personal service turn program affect.,M,4.77,483.86,2025-03-02 16:19:08
593611,Western statement attorney.,S,1.0,130.77,2024-10-17 08:12:45
595866,Dream general past though north media anything kitchen.,XL,4.45,644.55,2024-08-07 08:25:37
596261,Fact major cost.,XL,6.56,224.02,2024-09-10 05:00:01
597119,Prove kitchen street true song affect nation.,XL,6.83,214.93,2025-02-21 10:32:51
597707,Probably result real list western.,S,4.94,899.88,2024-06-06 09:18:08
600504,Thus check these region father out finish law.,M,0.99,731.0,2025-04-28 01:58:21
601147,Quality despite term give bag thus down pattern.,XL,1.72,455.99,2024-11-26 22:00:58
601600,Professional lay include shake democratic listen model.,M,5.84,868.29,2024-07-13 14:26:37
604210,Design later card let.,S,6.95,941.25,2024-08-17 14:01:00
605616,Professor game such world.,L,3.36,425.47,2025-01-27 09:41:05
606061,Rest turn certain indeed ten cell material.,M,9.49,427.97,2024-07-10 01:14:41
609015,Create factor small determine building only part.,S,9.88,891.85,2025-01-02 17:15:49
612080,Up Democrat price country simply parent.,S,8.01,510.45,2024-09-15 10:49:17
612931,His hand page.,XL,8.94,159.3,2024-05-03 03:28:45
614624,Positive seem coach against black.,L,5.98,946.25,2025-03-02 18:26:01
614926,Government recent fly care economic animal.,XL,6.21,88.09,2024-08-18 20:21:36
616178,Far task strategy sound once pass.,XL,3.88,748.74,2024-11-25 09:51:32
616821,Authority fly Republican drop perform try.,S,8.96,166.08,2024-08-12 14:57:06
616963,Compare explain poor American.,L,9.77,502.18,2024-05-09 12:04:10
618538,Section chance interest beat include.,XL,1.59,92.0,2024-11-14 01:11:22
619331,Manager free surface unit sit.,M,2.35,712.43,2024-09-16 03:46:02
620285,Food fast sure.,XL,1.97,838.82,2025-03-28 01:48:32
620487,Everybody suddenly short sign.,S,2.69,513.48,2025-01-06 09:24:55
620973,Food rate no together inside anything.,S,1.95,713.2,2024-10-21 01:50:50
621000,Indeed third manage.,L,1.84,537.92,2025-04-12 01:41:05
622457,Truth senior hear condition.,XL,1.44,213.21,2025-02-08 19:35:12
622733,Whose positive dark require long water.,M,0.33,173.17,2024-10-22 15:06:45
622994,Allow space seek mind do hold.,S,5.22,788.76,2024-06-02 21:00:16
623447,Past policy analysis official test sense.,XL,1.0,692.18,2024-05-24 07:39:50
624178,There community physical man step.,M,5.58,175.33,2025-04-19 02:34:52
627742,Quality push civil each.,XL,0.62,847.1,2025-01-06 20:31:22
627916,Song by argue sing instead machine him.,XL,8.4,300.87,2024-11-28 08:48:56
628649,Attorney week participant season best important seem staff.,M,5.12,44.56,2025-01-06 09:40:52
628759,Before hard economy Congress west increase.,M,4.18,640.56,2024-11-24 18:48:01
631124,Professor top visit everything as fear.,M,2.87,921.91,2024-11-29 15:56:06
631172,Item husband however section.,M,7.21,727.42,2024-09-26 08:46:14
632212,Low participant trip.,S,0.34,588.07,2025-02-20 00:30:26
634350,Ability green at five of.,S,9.34,195.1,2025-02-15 18:40:28
634643,Set build painting government.,XL,0.79,18.14,2024-05-19 10:02:21
635274,Sit money laugh myself why role get.,S,1.09,161.6,2024-09-11 04:23:35
635495,Skin anyone system he plant practice performance.,M,6.96,162.82,2025-03-15 03:21:39
636574,Member ago live kitchen.,XL,9.11,546.95,2024-07-25 09:43:11
636660,Under hospital concern save personal.,M,2.75,311.01,2024-12-19 01:27:30
636814,Child gas interview far drive red.,M,3.75,966.63,2024-09-26 14:56:10
637301,Position happy difference simply tell begin.,XL,5.6,195.15,2024-12-06 07:21:15
638188,Item range agency animal accept environment.,L,7.24,477.95,2024-09-14 00:30:21
638571,Official up several eat author.,L,3.69,450.79,2024-05-16 06:05:27
638659,Believe watch grow usually.,M,1.16,559.48,2024-09-05 10:19:55
639969,Out without performance.,M,8.93,159.57,2025-03-15 23:31:20
640707,Should loss more method.,L,5.26,27.74,2024-09-21 20:51:03
641119,Whose agent line soon.,S,6.01,533.96,2024-11-18 02:39:54
642054,Story all agreement explain morning kitchen.,L,8.36,432.0,2024-10-09 12:23:45
642258,Rule thought likely it indeed least wear.,L,8.07,637.9,2025-02-17 12:19:08
642530,Crime author sister respond little ten miss person.,XL,7.36,734.54,2024-12-24 15:51:10
646265,Politics why wall history I easy.,L,6.54,442.04,2024-05-18 04:34:22
646865,Let view value keep play standard.,XL,0.8,763.58,2024-05-12 19:06:04
647615,Dark question factor garden politics into.,M,2.85,745.69,2024-11-29 18:56:21
648621,Ground picture behind true soon sit action week.,XL,0.83,345.55,2024-08-16 04:26:41
650716,Action explain capital throughout student myself couple.,S,8.3,669.85,2024-07-04 22:32:40
651014,Live purpose interview rather.,XL,4.95,615.21,2024-06-16 15:21:33
651432,Old thus light personal voice choice turn.,L,7.73,183.69,2024-06-09 11:47:19
655843,Some beautiful have possible cut better sing.,XL,9.21,606.79,2024-10-14 13:49:25
655857,Open under community grow want party between.,XL,3.45,11.05,2025-01-07 03:08:49
656036,Rock challenge by age six out eat.,L,0.28,932.37,2024-06-09 12:04:00
656547,Democratic issue must series develop.,M,6.81,611.39,2025-04-09 17:17:41
657758,Maintain structure expect morning election option.,S,4.7,503.34,2025-02-07 01:30:49
659155,No century agency yes some how factor.,S,1.22,296.4,2024-06-21 12:49:32
659749,Ask accept light pretty place your white pay.,S,5.0,741.45,2024-08-22 05:06:06
660578,So decade as debate site possible.,XL,1.18,937.32,2024-09-11 21:01:43
660897,Appear star say pretty ball event.,S,3.82,878.21,2024-12-15 11:58:43
661648,Image case Democrat manage light.,M,0.82,763.95,2024-12-17 07:05:36
662391,Throughout decide everything Republican say.,M,2.05,479.21,2024-07-11 08:40:52
662451,Range gun argue management action past.,M,4.39,304.31,2025-04-14 12:35:14
662756,Top expect billion sister officer on.,XL,4.02,266.15,2024-05-25 17:53:50
663724,Also stock would kid marriage argue father.,XL,8.78,785.92,2024-09-26 10:44:53
663888,Several million security represent her point while.,L,0.84,793.13,2024-05-18 04:49:48
665127,Seek share write order how inside race war.,S,8.25,293.95,2024-06-26 12:14:48
665251,Hard actually line full per.,S,4.02,731.0,2025-03-06 08:35:28
665282,Series force information push natural building.,L,8.23,909.71,2024-08-22 09:19:42
666115,Individual try not final.,L,2.77,102.31,2025-01-06 14:35:01
666906,Improve goal send reason theory begin.,M,9.19,895.86,2024-11-08 01:00:48
667038,Deal poor answer leader fill.,M,1.94,978.43,2025-03-22 00:22:01
668398,Future best town care power again.,L,7.82,129.54,2024-07-11 20:47:31
672007,Central quite key environmental would as.,S,2.51,607.55,2024-06-22 07:10:57
674068,Friend four reach fall.,XL,9.71,874.85,2024-10-01 21:45:55
676593,Tend catch fly history affect real.,S,7.1,968.02,2024-08-09 12:08:40
680435,Establish wind political building American also probably.,XL,4.58,127.52,2024-12-01 07:32:44
680458,Century phone make buy fly.,S,1.05,115.2,2024-12-28 11:50:33
680945,Guess give environmental agreement once east.,L,4.44,919.55,2024-08-02 19:13:57
681919,Establish town city movie become seven this.,S,8.65,888.84,2024-08-02 19:12:41
682991,These thought per meet star.,S,0.85,905.02,2024-06-16 17:50:43
683686,Interesting movie group of.,XL,0.69,656.95,2024-09-30 19:23:49
684496,Move weight bill writer since building part seem.,M,0.78,325.62,2025-01-03 05:27:20
684691,Line sign build leave partner probably.,XL,5.72,366.7,2025-01-04 03:00:53
685132,Blood too future I contain group.,M,9.02,469.7,2025-01-22 03:47:58
685525,Son personal who present season.,M,2.52,640.58,2025-03-12 11:24:32
685804,Candidate defense white individual task other.,L,5.06,434.95,2024-09-21 15:47:41
686848,Person piece receive these still college.,M,4.32,774.49,2025-01-06 10:51:40
688772,Glass turn speak.,M,4.87,433.12,2025-01-01 03:10:24
689346,Tend center political poor vote.,M,5.92,69.37,2025-02-01 19:47:50
689839,Sister notice west church teacher none pattern.,L,1.61,470.39,2025-01-13 19:56:58
692169,Pass capital hot surface baby.,L,4.76,399.34,2025-02-04 16:38:34
693311,Reflect chance now discuss section.,L,4.13,59.2,2024-10-13 06:27:30
693399,Special they positive walk PM.,M,8.41,150.35,2025-03-16 01:31:29
693434,Move local even dream.,L,2.17,450.16,2024-08-19 09:21:47
696450,Part next truth soldier no compare.,XL,0.82,762.11,2024-04-29 13:43:00
698060,Force east head only nation piece.,XL,9.25,692.34,2025-01-05 14:29:32
702965,Pretty act others including.,S,9.93,293.5,2024-06-10 19:20:11
703477,Fire effect every station.,L,3.65,137.37,2024-10-20 22:54:12
704929,Especially painting amount billion image.,L,2.96,180.5,2025-02-10 15:17:57
706873,Could professional once.,L,5.6,10.38,2024-11-24 02:57:41
708222,Fill rather act big animal food get.,XL,5.99,943.69,2024-05-01 05:43:25
709739,Great teacher laugh rich.,S,7.46,446.2,2025-02-18 09:56:32
710087,White skill environment discussion.,L,7.92,11.8,2024-07-20 12:43:41
711358,Wish loss conference.,L,7.16,22.78,2024-07-10 19:59:27
712550,Dream add black surface however blue.,XL,5.12,564.87,2024-08-06 17:29:02
714575,Important option might seat.,L,4.77,713.18,2024-10-08 00:02:14
714708,These remember stage cup up rest meeting.,M,6.06,73.6,2025-03-17 06:11:29
714808,Picture during nor though.,XL,9.81,597.0,2024-06-04 07:45:29
715782,Behind believe interview choose.,XL,5.14,678.24,2024-06-30 23:42:37
715915,Give how actually street sort himself.,L,0.96,757.7,2025-03-14 17:14:39
718213,Market any my interview.,XL,7.38,679.32,2025-03-21 20:02:36
718818,Eight boy policy wish suggest.,L,7.09,191.48,2024-09-17 22:02:41
719017,Nation movie billion hope.,L,2.43,394.84,2024-06-30 11:09:27
719353,According mother improve those drug name.,M,0.75,56.59,2024-05-21 12:48:02
719579,Blue chair born off parent attention almost.,L,8.36,915.78,2024-12-16 17:20:01
719586,Lose she ten music.,L,6.35,550.2,2024-07-17 15:50:29
720293,Natural campaign heavy sit all ten worker.,XL,5.63,776.82,2024-09-01 04:51:57
720832,Cold child man hand him.,S,5.05,14.35,2025-02-13 11:45:27
722049,Beautiful difficult would.,S,0.3,426.23,2024-06-29 21:36:35
722943,Woman PM even million.,S,9.9,433.88,2025-04-24 16:38:35
723735,Large though describe know.,M,2.55,758.19,2024-05-06 00:12:10
724028,Able change report action use east.,XL,6.21,937.41,2024-05-27 22:21:28
725502,Local in Congress until pass family.,XL,7.86,816.53,2024-08-24 16:09:10
725688,Same day morning past.,S,5.71,848.29,2024-09-13 02:59:41
732991,Next officer late only find leader next.,XL,2.4,599.79,2025-03-19 15:11:59
733319,Around sure start while before tough.,L,2.1,466.55,2025-02-11 04:16:22
735967,Or hard first itself history central evidence.,XL,0.99,44.55,2025-03-15 06:30:06
736291,Institution bar at back current yourself.,XL,2.22,829.16,2024-11-21 05:24:13
737988,Kitchen car use tonight cause man true general.,XL,0.86,417.17,2024-10-14 19:17:09
740144,Time husband make enjoy.,L,6.99,477.3,2024-07-08 00:10:42
741168,Benefit food which high current machine.,S,6.81,475.4,2025-03-09 18:40:06
741488,Decision open ball rock attack.,XL,1.9,672.41,2024-09-12 20:51:50
741853,Word three could deal behind.,L,6.62,894.51,2024-12-08 11:29:25
742100,Shake talk couple everyone own.,L,4.26,37.41,2025-03-21 17:08:52
742224,Animal office challenge.,XL,4.09,780.17,2025-04-03 19:12:19
742830,Can clearly stage mention gun left behind.,XL,2.48,118.51,2024-12-03 13:26:08
743387,Toward understand church executive where tough.,L,1.95,230.48,2024-06-30 19:23:24
744126,Sit toward phone unit different senior me.,XL,3.48,336.23,2025-04-04 23:36:30
744351,Risk allow film industry join.,S,0.88,714.55,2025-04-05 15:30:30
747170,Bar low law fear knowledge.,L,0.4,556.97,2024-08-04 05:04:28
748180,Method reality edge success.,XL,3.55,546.62,2024-10-23 14:23:53
748246,Officer town film out yes television quickly.,L,9.73,917.85,2024-09-01 10:13:34
749560,War southern watch film.,M,7.53,714.71,2025-01-31 03:08:16
749723,Local seek candidate page.,XL,2.69,937.56,2024-11-14 22:18:31
749736,Box none president natural light leg.,L,1.74,180.6,2024-12-12 00:45:05
750941,Notice all choice part which.,L,2.47,980.23,2025-04-05 18:52:16
752268,Go reveal herself degree until reach.,M,1.02,170.04,2024-05-31 02:10:14
756669,Million interest claim project table help message.,L,4.65,331.08,2024-12-26 15:56:14
756677,Face authority name deal explain exist explain.,M,8.8,579.38,2024-06-25 20:58:21
756693,Beautiful boy direction.,S,2.75,409.34,2024-05-28 17:38:29
757138,Sign call article reflect perform kind raise.,S,8.4,532.02,2024-05-05 06:37:57
757399,Serious everybody treat big.,XL,6.31,648.4,2025-04-24 04:13:44
757751,Go organization since radio prepare ok.,S,3.92,84.18,2025-02-02 05:34:27
758443,Owner industry happy single success accept appear.,M,6.23,737.1,2024-08-02 21:32:38
760283,Could society food benefit culture.,S,8.23,506.2,2024-08-27 14:20:10
760708,Good deal dark the blood per.,XL,1.72,186.27,2024-12-06 01:45:17
762145,System write especially run best.,M,4.65,545.43,2024-09-24 08:07:44
762181,Long reflect skill item away only.,M,4.05,576.16,2024-09-13 05:30:26
762264,Out read college.,M,2.27,513.13,2024-08-24 13:43:15
762488,Traditional assume work prove support five history education.,XL,0.68,695.27,2025-03-12 14:35:41
762884,Pick off common skill father check.,XL,9.87,318.3,2025-01-12 09:35:21
762978,Worker democratic draw address model deep.,L,0.94,346.55,2024-07-23 17:42:48
764153,Air hotel edge agency relationship.,XL,5.73,912.05,2024-05-27 03:54:34
765403,There painting order structure effect cold deal.,L,6.53,743.03,2024-10-12 15:43:40
767590,True story few focus.,XL,0.29,383.71,2024-09-12 21:07:57
768926,Than thousand argue.,XL,9.68,462.35,2024-05-06 02:20:36
773717,Never hope school decision as other article.,XL,8.27,601.45,2025-01-30 06:27:11
774164,Energy laugh subject.,XL,2.3,593.11,2025-01-14 18:41:57
775015,Thousand issue shake cell figure.,XL,4.53,110.03,2024-07-20 22:39:25
775155,Back most price ready protect star upon real.,L,2.31,742.03,2025-02-19 01:38:51
776160,Color sister pass campaign reduce star.,M,6.57,789.69,2025-01-29 13:13:42
776697,His position executive positive down.,M,7.77,896.47,2024-06-21 22:20:48
777039,Key sit crime leg customer.,S,8.68,583.93,2024-08-08 22:04:21
777451,Feel agent church change.,S,5.74,921.31,2024-12-05 04:25:09
777876,Law nothing new scene with star believe.,M,6.51,103.62,2025-02-18 13:14:18
777975,Attorney hear reduce them new financial price.,L,2.79,107.85,2024-11-24 16:05:15
780073,Beyond past direction marriage leave state simple necessary.,L,4.66,477.77,2025-01-11 14:13:04
780362,Knowledge catch popular necessary situation attention cultural.,S,6.02,398.94,2024-08-29 13:02:41
780787,Bar impact still send site cover.,M,6.78,314.89,2024-05-23 03:53:21
785526,Scene possible audience usually ago mean usually.,S,2.49,870.56,2024-08-21 06:25:33
785594,Community station put others on.,L,5.68,809.72,2025-03-09 19:15:19
787359,Test according family close local themselves line.,S,7.89,666.72,2024-08-08 14:44:05
788492,Fill case lay best rule strategy security.,M,3.76,470.37,2024-10-23 09:33:36
790002,Likely together size conference tonight.,M,1.89,380.7,2024-11-18 23:49:46
790844,Big animal number join wall catch benefit.,L,8.56,934.46,2024-09-23 20:20:54
791258,Effort space face money city.,L,1.84,746.54,2024-06-11 10:43:42
792689,Alone parent school forward spend.,XL,6.2,934.8,2024-10-20 07:28:08
793292,Read around public certainly event quality.,L,1.38,711.45,2024-12-03 13:41:51
795089,Sport night authority event.,S,3.5,676.51,2024-08-20 23:57:55
798737,Yet resource civil child.,L,9.2,711.52,2024-10-29 01:09:33
799377,Never career weight such job notice.,XL,0.81,936.59,2024-08-28 12:47:40
801940,Prove large bring thank.,XL,2.09,740.23,2025-03-11 14:42:03
803209,Century level moment social risk challenge church.,L,3.08,857.89,2024-12-06 00:40:42
804682,Son check nature large wide.,S,7.65,721.84,2025-04-10 05:29:53
806433,Argue then owner feel group might.,XL,1.68,471.53,2024-11-30 04:03:58
806552,Home major popular must population water trade radio.,XL,5.41,789.4,2024-07-09 09:59:01
806712,Leg teach activity single head huge two simple.,S,7.52,964.85,2024-09-19 19:20:00
807701,History benefit soldier dark power baby.,S,2.37,698.26,2024-06-30 10:08:06
808175,Large issue image successful quickly growth something.,XL,4.77,201.17,2025-03-17 11:40:32
810126,Present respond business individual.,M,3.67,495.03,2024-08-10 02:29:29
811007,See perform community the claim none.,S,5.98,665.41,2024-08-01 01:26:17
811986,Chair line letter ten dream too poor.,XL,6.05,482.46,2025-02-16 12:33:38
813157,Nature pattern key order my.,XL,0.11,752.28,2025-01-10 14:04:59
813920,Water let item professor according nearly.,L,0.22,68.72,2024-11-29 19:20:04
815448,Same successful have with thought for gas discover.,M,5.87,223.21,2024-06-17 02:42:10
817307,Spend we standard cold affect couple.,L,2.77,676.17,2024-07-18 12:58:29
819013,System return threat exist paper would.,L,1.37,207.39,2024-12-05 03:55:05
819495,Bill above effort seat explain under.,L,4.93,246.09,2024-06-14 02:30:33
819763,Person upon beat.,S,4.83,395.52,2024-08-04 21:48:22
820199,Crime what with direction let section.,XL,2.34,983.24,2024-06-10 12:32:53
820910,Who resource point guy policy all.,S,4.92,538.31,2024-12-11 16:14:16
820997,Individual third crime than hundred fear authority.,M,9.81,696.33,2024-08-13 20:02:10
821900,May science similar forward thousand.,L,3.5,609.38,2024-07-28 12:18:43
822680,East represent apply during institution would tax north.,S,9.04,931.52,2025-04-27 01:57:47
823562,Cell program assume growth radio.,L,4.04,316.76,2024-12-16 14:11:47
823620,Voice impact international.,XL,2.26,973.61,2024-06-19 05:23:12
823745,Analysis next create age more drive present law.,M,5.49,309.92,2024-10-20 06:22:14
823913,Television term professor practice especially during market.,L,0.88,269.3,2025-01-18 10:19:58
831802,Provide alone fast recently chair message door.,L,0.39,815.76,2024-12-23 21:18:12
832351,Decade when spring people big cut camera.,S,5.0,235.25,2025-04-08 03:41:30
833603,Ok plant record pressure.,M,6.11,123.75,2025-03-07 04:48:44
834913,Whose behavior quality college mean pick want.,L,6.98,149.14,2024-08-25 02:31:11
836327,Science radio there low class lawyer matter.,L,9.92,255.94,2025-04-20 07:24:20
836608,Middle him loss skill.,M,9.44,892.37,2024-11-27 04:54:37
837906,She your sport everything history.,XL,1.07,899.66,2024-08-26 18:27:36
838868,Teacher head such ahead argue realize instead.,L,9.12,478.82,2024-08-04 12:29:31
839351,News election worker national large cell around seat.,XL,4.16,260.89,2024-07-01 10:42:23
839780,Defense career age through perhaps watch road.,M,7.14,244.61,2024-10-18 18:47:39
840262,Within alone fight suddenly.,XL,9.79,608.95,2024-09-27 00:53:53
840349,Full board skill owner nothing city forget.,M,4.33,954.45,2024-09-08 16:17:26
841508,No stay fact majority final decade.,XL,8.64,790.5,2024-07-07 05:27:09
845154,Commercial keep play cause space phone medical.,M,9.78,294.09,2024-06-20 04:15:11
845258,Analysis vote stage a resource.,M,2.99,810.53,2025-02-28 07:30:44
846031,Deep action any crime bad church.,S,3.14,431.93,2025-01-23 15:46:06
846078,Listen practice them position success state practice.,S,8.81,343.05,2025-04-16 19:08:41
847507,Fly control evidence it newspaper old religious.,S,1.09,496.14,2024-06-03 10:47:17
848100,Break maintain defense life old me.,S,2.36,122.0,2024-10-17 03:44:55
848291,Father drive include oil during.,M,5.71,733.72,2024-05-10 06:21:25
849797,Last draw area article though.,L,1.29,727.81,2024-09-14 21:00:10
852236,Care attention her also dream use mission.,S,4.68,600.15,2024-06-13 02:29:04
852739,Benefit power live skill out.,S,5.66,182.42,2024-09-25 04:09:46
853307,Little not clear car.,S,8.97,759.43,2024-08-23 09:18:58
853910,Citizen level fast foot guess unit rule.,XL,5.02,487.71,2024-11-26 16:01:36
853993,Worry none history fund even.,S,9.77,580.19,2025-04-29 06:49:08
855402,Thank senior continue clearly that others.,M,9.5,704.84,2024-10-31 06:23:31
856642,Dinner be member half last.,XL,3.03,702.71,2024-11-26 18:20:34
857610,Anything something sell cost.,L,3.67,148.88,2024-10-07 09:49:22
859860,Friend social represent executive goal yeah ready.,L,9.08,239.67,2024-10-29 09:06:12
860400,Ability movie environmental much again laugh expert provide.,L,6.38,611.01,2024-07-27 22:40:02
861060,Poor save money current together.,XL,5.75,236.32,2024-08-19 17:45:44
861338,Level bed let wish life book glass.,S,1.85,909.72,2024-11-06 07:42:14
861633,Piece have risk beyond sign value.,L,8.39,670.33,2024-11-24 23:16:29
862412,Seat dream those describe more support western.,M,7.25,731.68,2024-07-12 23:54:34
864637,Others impact require.,L,1.3,311.17,2024-09-25 09:41:41
866219,Sound movie establish.,L,6.41,672.9,2024-07-29 23:10:25
867285,Space agency body year company.,XL,4.87,817.3,2024-07-05 12:43:12
867679,Gas than avoid among only condition.,S,1.18,365.4,2024-06-25 10:20:38
869469,Table surface ability politics themselves tell almost.,XL,2.55,386.71,2024-08-30 12:54:45
870923,Price low accept mean.,M,6.98,755.75,2024-08-04 01:05:30
870940,Know mind ok manager help notice.,L,4.51,539.74,2024-07-12 04:32:56
871551,Debate place color blood rather.,XL,9.88,499.06,2025-03-27 01:13:06
871900,Certain claim play.,M,8.05,733.0,2024-06-17 18:27:21
873523,Movie phone position recently many effort.,L,6.07,445.51,2024-06-01 09:43:47
874725,Include conference guy decide.,S,3.64,266.58,2025-03-11 07:31:58
875481,Simple gun this perhaps.,M,5.48,761.72,2024-08-03 14:26:36
877547,Character two protect story get.,S,2.61,48.67,2024-05-31 08:00:26
877594,Large clearly argue address.,S,3.65,180.08,2025-03-19 02:25:20
878158,Happy kitchen well help station.,S,1.78,909.22,2024-04-30 10:09:22
878810,Difference civil so personal and type simply.,M,6.46,655.47,2025-03-02 17:01:53
879231,Capital road five director audience both join.,S,3.27,454.05,2025-01-22 16:06:47
879290,Decade hold performance stand.,S,8.57,692.63,2025-03-18 11:11:32
880382,Represent field medical age information call.,XL,8.09,978.97,2025-02-02 14:09:21
880976,Drug name with benefit kind author conference.,M,8.44,451.34,2024-07-30 23:33:26
882204,Community side none development picture for guy.,S,6.08,975.07,2025-04-13 12:37:50
882899,Item range staff.,XL,7.91,316.53,2024-10-30 22:07:38
884305,Official should child act outside they.,XL,8.51,61.29,2025-04-27 17:47:43
885198,Week security two upon Mr.,XL,8.66,724.15,2025-03-17 17:06:02
887512,Event appear partner traditional behind.,XL,3.23,94.86,2024-08-16 11:45:00
887813,Lose move have data fill sit.,XL,2.73,360.84,2024-05-21 05:38:43
888860,Beat me support left.,M,3.96,988.23,2024-07-25 11:30:53
889115,Local customer such because.,L,7.81,516.29,2024-05-01 07:08:28
890722,World important scientist media.,S,6.36,915.12,2024-07-31 15:22:25
891758,Total finally decade everyone including risk character.,S,1.79,219.64,2025-01-16 17:04:01
891858,Evidence style student everything sister store magazine clearly.,M,3.78,691.08,2024-09-22 12:42:18
892251,Education hand others reveal house.,S,6.32,946.27,2025-02-25 01:36:10
892575,Growth serious ago their image.,S,8.24,503.42,2025-03-23 01:57:08
894069,Military company respond score fast enough major.,S,4.99,392.47,2025-03-02 12:56:18
896033,Evening including I difference beautiful mouth tough.,XL,7.94,470.15,2025-02-23 18:19:56
896623,Power walk moment decade.,M,9.66,836.36,2025-03-19 21:19:04
896957,Scene by company marriage book development.,L,8.98,491.99,2024-05-11 19:19:11
900918,Situation policy down method.,L,2.32,827.86,2025-02-20 06:03:48
901691,Want specific himself might.,XL,0.47,547.68,2024-12-29 04:08:31
901794,Travel factor blue drug.,L,4.04,630.99,2025-01-05 11:16:31
902086,Million forget region artist write college.,L,4.96,231.94,2024-09-06 13:42:36
902265,Eat finally hospital democratic around.,L,3.04,934.28,2025-04-26 04:03:17
903377,Democrat eight along really summer if hit.,XL,2.24,891.36,2025-01-22 11:35:42
903665,Guess room top feel treat skill say.,S,2.55,977.88,2025-02-14 02:07:50
903819,Company begin require eight great us.,XL,1.5,675.75,2024-05-08 12:19:28
905478,Central prevent maintain win.,M,7.02,549.52,2024-09-17 00:03:48
905647,Evidence probably politics difficult mean have let.,XL,7.78,626.82,2025-03-21 03:36:15
906271,Rich whose politics identify miss.,L,4.59,629.66,2025-03-10 06:19:45
907427,Population color card she drug may.,M,4.47,824.49,2024-09-08 16:23:19
907956,Determine firm floor bit item across.,M,9.3,842.0,2025-01-06 18:47:46
907982,Business hour growth.,M,2.69,445.12,2025-03-01 14:22:23
909677,Reduce find vote couple about police.,XL,9.32,115.49,2024-05-12 02:33:29
910815,Career general remain.,S,3.64,959.25,2024-10-03 23:51:45
911940,Say certain early consider book today.,S,5.84,437.2,2025-04-05 15:00:55
912074,Share teach agree agreement.,L,2.91,135.94,2024-11-20 10:12:55
912164,Around admit poor main check population.,XL,2.29,199.97,2025-03-12 22:59:42
912522,Assume them against several consumer between some.,XL,5.3,421.98,2025-01-04 21:52:35
916627,Spend consider expert by sort general claim.,L,9.31,588.72,2025-01-19 00:02:48
916674,Represent relate many be heavy stock.,S,3.21,196.35,2024-09-11 03:39:46
916818,Piece store cell.,L,2.4,354.18,2024-10-22 02:56:29
918756,Institution bag sound identify.,M,5.79,362.98,2024-12-20 01:08:39
920510,Manager guy decision man easy account.,S,0.63,765.4,2024-06-23 12:10:00
921007,Join to people election recognize structure.,S,4.44,236.21,2025-01-06 02:03:44
922467,Bar man oil.,M,1.31,628.74,2024-11-19 15:35:13
923075,Particular this seat shake close official.,M,3.04,952.37,2024-05-25 21:27:39
923693,Political ten especially risk dog understand.,XL,4.84,301.88,2025-03-04 03:47:33
923705,Toward from mean culture.,M,8.63,452.06,2025-02-15 04:04:39
923937,Season situation professional relationship whatever too.,XL,2.2,861.8,2025-04-17 20:35:07
925349,Only people staff left food strategy face argue.,XL,3.53,157.25,2024-05-29 11:54:23
926042,Recognize hold evidence between few hold expect foot.,L,8.03,981.75,2025-02-15 04:32:35
926187,Central knowledge color test allow particularly food yet.,M,5.75,101.24,2024-05-21 15:59:27
927926,Republican window help analysis hour over all entire.,S,1.34,979.49,2025-02-06 05:42:25
928951,Hope might relationship.,S,1.13,828.87,2024-12-01 14:46:07
930954,Pay nothing shoulder agreement they.,M,5.2,276.91,2024-10-16 12:15:50
931225,Process middle provide western.,XL,4.9,342.92,2024-05-19 08:14:09
931742,They step garden certain.,L,9.92,669.08,2025-02-16 17:23:14
933066,Then seat forward suffer someone sound hear study.,S,7.22,747.2,2024-08-13 21:39:30
938276,Local political off response.,L,8.32,374.18,2025-03-31 03:40:45
939388,Person not yard nothing bed kitchen.,XL,8.67,215.8,2024-08-21 14:56:53
939587,Point which market threat poor seem.,XL,2.53,50.59,2025-01-01 10:14:18
940357,When base mean but.,XL,1.0,942.5,2024-06-29 09:28:43
944915,Coach discuss day behind possible per.,M,6.96,145.82,2025-02-09 11:41:41
945290,Fine half eat season it activity.,M,2.62,522.65,2024-12-18 05:59:00
946410,Doctor against this just score unit.,L,9.59,930.99,2024-10-05 22:20:06
948057,Like check line not town.,L,8.69,105.44,2024-12-05 04:51:00
949385,Build reveal heart nor.,M,1.94,634.14,2024-08-01 00:01:49
950575,Collection dream reflect civil.,M,8.22,27.54,2025-04-04 16:50:11
950960,Card program benefit.,XL,8.32,418.83,2024-12-21 11:10:54
951363,Role do stop give research building.,XL,3.56,463.06,2024-10-27 10:59:19
951519,Local later agent.,M,9.31,897.63,2025-01-08 21:06:46
951707,Interest property military hair baby.,S,4.95,958.15,2024-06-30 10:35:40
951885,Finish box apply energy arrive.,XL,8.46,866.36,2025-04-22 17:12:56
952313,High sit when tree election.,M,2.22,29.69,2025-01-10 23:08:14
953398,World member decide look movie spring.,S,4.25,184.38,2024-12-21 03:12:43
954142,Realize boy style them.,M,1.75,798.87,2024-05-15 07:46:17
955980,Maybe exist just effort land conference.,S,7.84,628.63,2025-04-12 06:10:36
956665,Mrs smile evening visit long beat despite.,XL,7.96,960.57,2025-02-04 09:18:39
956924,Since state reveal charge decade politics.,L,4.92,285.91,2024-10-04 10:53:30
961202,Investment fly describe concern.,M,2.14,786.67,2024-07-31 20:56:54
961956,Participant policy morning sense among position child.,M,7.43,528.5,2024-07-04 18:49:02
963601,Ground back likely investment bank space own.,XL,5.9,667.19,2024-11-08 07:54:18
964709,Tv wear relationship field more lot nice.,L,8.71,112.56,2024-08-27 01:11:28
965264,Reason attorney call yeah once.,L,0.58,18.03,2024-12-09 04:37:54
965324,Member main than like serious.,XL,7.42,300.34,2024-08-29 11:02:22
966582,Over probably discussion.,L,1.29,101.01,2024-08-19 01:27:07
967416,Discuss recognize way need if camera.,XL,9.7,249.32,2025-02-07 06:58:52
967439,Dog question herself receive thus fact nothing.,XL,5.71,367.65,2025-02-17 14:29:50
968288,Ever same check part easy country.,M,3.16,336.56,2024-08-30 03:45:22
969460,Kid lay picture drop exist.,L,9.93,145.41,2024-10-21 08:39:18
969523,Always former ok.,XL,2.27,181.59,2024-08-19 10:57:08
969826,Control last camera another kind audience.,XL,7.05,701.47,2024-08-23 22:21:09
974195,List lose north accept.,M,1.12,782.69,2024-11-29 08:22:25
974372,Name our member organization their.,S,2.22,396.97,2024-06-28 11:27:44
974597,Energy color training I including.,XL,6.32,169.26,2024-06-13 02:06:49
974877,Product different wish their security.,XL,0.71,902.41,2025-01-16 00:05:33
976382,Pass you fear environmental service join.,M,9.84,52.02,2024-08-25 01:27:55
977027,Likely future show little card science.,M,6.43,204.7,2024-12-09 05:20:32
980118,Without specific question follow wrong.,S,6.23,122.59,2024-05-11 16:24:41
980209,Training provide act attention voice close.,XL,5.19,845.06,2024-10-09 00:55:26
980450,Reason account word million.,M,6.12,149.58,2024-07-30 20:01:55
981528,Perform certain responsibility four know knowledge everything.,M,8.36,979.88,2024-11-07 01:52:42
983623,Usually phone country whatever ever two.,L,9.99,758.46,2024-08-05 04:01:21
985802,Particularly test material approach.,M,2.95,916.33,2025-02-20 09:11:30
987166,Pay forward generation particular partner.,L,3.41,846.53,2024-06-03 13:59:07
988062,Democratic assume good carry understand ten.,M,9.63,189.93,2024-12-28 22:45:45
988068,Sing suggest sometimes training.,S,2.29,859.07,2025-02-22 11:59:59
990613,Response herself always produce popular difficult eight time.,XL,3.67,306.85,2025-03-24 10:07:22
991045,Art federal first program easy receive two.,XL,4.22,551.54,2024-10-10 13:52:55
993335,Great painting firm middle example down.,S,6.22,306.51,2025-03-22 02:48:10
993443,Try six from medical eat debate when.,M,5.67,210.58,2024-08-21 11:40:20
993753,Light rich cell.,M,6.17,736.75,2024-05-25 05:08:48
997077,More and history stay computer.,S,7.5,62.52,2024-10-01 22:27:43
997151,Serve once laugh.,XL,0.25,195.82,2024-07-28 22:32:53
