ma_thanh_pho,ten_thanh_pho,dia_chi_vp,bang,thoi_gian
732,Port Aliciafurt,"14681 Bray Station
South Jessica, AK 05268",Virginia,2025-02-23 14:49:09
867,Adamland,"27550 Madison Burg
South Elizabethhaven, NC 06865",Arizona,2024-08-28 03:28:07
1169,Port Sharonstad,"486 Joseph Islands
Buckberg, DE 51883",Vermont,2025-03-26 08:29:07
2032,New Meganville,"361 Catherine Pines
Thomaston, WI 54703",Maine,2025-01-04 14:07:09
2358,East Traci,"30206 Benjamin Rapids Suite 524
Andrewhaven, TX 02960",Alabama,2024-08-01 12:02:18
2749,East Mary,"72515 Lewis Ports
New Cindyland, AL 62102",Texas,2024-12-07 21:21:19
2973,Karenbury,"3719 Gutierrez Underpass Apt. 585
Jamesland, OH 89103",New York,2024-12-31 00:18:09
3129,Port John,"991 John Park
Dunnmouth, NC 90941",South Dakota,2024-06-03 11:03:53
3396,Bradleyfort,"834 Christopher Trail
West Danielmouth, DC 84303",Arizona,2024-09-17 10:44:30
3748,Castroland,"150 Cindy Plains Apt. 289
Gregorystad, SC 07062",North Carolina,2025-04-16 21:11:28
3818,Natashaview,"43446 Sherry Ridge Apt. 516
New Michaeltown, WY 65994",Connecticut,2024-11-20 19:41:58
3950,Elizabethtown,"7986 Shari Track
Lake Samuel, MI 71709",New Mexico,2024-07-29 07:44:22
3957,New Krista,"6799 Miller Spurs
Lukeshire, FL 31116",Pennsylvania,2024-11-23 13:32:12
4433,Lake Davidburgh,"697 Brown Cape Apt. 985
Olsonton, OR 70460",Maine,2024-07-30 14:02:43
4499,Houstonborough,"USS Mccullough
FPO AE 65560",Texas,2024-11-25 00:59:10
4679,West Elizabethstad,"1269 Tracy Circles Suite 199
North Amymouth, PR 40464",Nevada,2024-05-11 10:07:17
4793,Hernandezberg,"2752 William Fork Suite 247
Karenburgh, DE 15325",Iowa,2025-01-08 05:14:11
5111,Connieton,"974 Harrington Estates Apt. 283
Port Micheal, HI 15534",New Jersey,2024-09-22 14:12:10
5645,Destinyville,"546 Lawrence Place Apt. 802
Smithstad, OH 35905",New Mexico,2024-12-03 00:20:59
5742,New Mary,"6936 Austin Corner Apt. 831
Susanfort, ND 65675",Vermont,2025-01-13 12:26:08
5786,South Shelby,"3246 Campbell Throughway
East Benjaminshire, MA 72497",Kansas,2024-09-03 17:13:26
6660,Chadmouth,"941 Douglas Lodge Suite 373
Sanchezfurt, PA 71389",North Carolina,2025-03-14 05:04:30
6994,New Heathertown,"3961 Ellis Port Suite 298
Port Williamshire, OR 81270",Alabama,2025-01-08 12:36:44
7023,Jeanetteton,"16274 Michael Haven Apt. 425
Julieton, OH 20322",Vermont,2024-10-01 07:40:18
7134,West Tracy,"766 Tommy Estate
New Katherine, MI 00904",West Virginia,2025-02-03 15:17:48
7672,East Josephside,"Unit 7706 Box 7209
DPO AE 82111",Illinois,2024-05-05 09:52:33
7729,Anthonyborough,"56799 Velazquez Rue
Jeffreyburgh, PA 31516",North Carolina,2024-12-15 21:41:04
8168,Kellyhaven,"70650 Patrick Knoll
North Thomas, CT 02743",Missouri,2024-06-09 22:40:56
8171,North Harold,"99860 Madison River
North Brooke, MD 01548",New York,2024-11-09 02:43:56
8260,South Joshuaborough,"70596 Michael Mountain
North Paulashire, AS 81452",Louisiana,2024-06-16 23:54:39
8404,Archermouth,"PSC 3225, Box 0357
APO AA 17837",Florida,2025-01-06 21:52:18
8863,South Brittanyland,"01334 Andrew Cliff
Foxland, NM 61330",Mississippi,2024-11-03 05:41:25
9011,Port Kevinstad,"0680 Henry Parkways
East Sergio, PA 28804",Illinois,2025-01-08 18:27:11
9250,Washingtonborough,"683 Bell Circles Suite 816
East Crystal, PW 16291",Utah,2025-02-04 07:29:13
9399,Muellerside,"2922 Crawford Curve Apt. 057
West Amyborough, ME 63593",South Dakota,2024-09-05 03:23:49
9574,Jenniferberg,"54636 Courtney Extension Suite 215
New Nicholastown, MS 90720",Ohio,2025-01-16 00:28:28
9613,Davidmouth,"USNV Little
FPO AA 96117",Alabama,2024-07-10 07:46:03
9634,Port Kimberlymouth,"334 Alexander Center Suite 188
Jonesberg, ND 05117",North Carolina,2024-05-10 15:49:51
9975,South Matthew,"11870 Michael Estate Apt. 600
Greenemouth, GU 42929",New York,2024-11-07 23:00:29
